name;identifier;SMILES;inchikey;MW;LogP;pubchem;drugbank;pdb;chEMBL;membrane;method;temperature;charge;note;X_min;X_min_acc;G_pen;G_pen_acc;G_wat;G_wat_acc;LogK;LogK_acc;LogPerm;LogPerm_acc;theta;theta_acc;abs_wl;abs_wl_acc;fluo_wl;fluo_wl_acc;QY;QY_acc;lt;lt_acc;primary_reference;secondary_reference
"Acetylsalicylic acid";MM00080;CC(=O)Oc1ccccc1C(=O)O;BSYNRYMUTXBXSQ-UHFFFAOYSA-N;180.159;1.31;2244;DB00945;AIN;CHEMBL25;Caco2/MDCK;CPapp;37;0;;;;;;;;;;-5.33068;;;;;;;;;;;;"Bittermann. K., Goss. K.-U.: Predicting apparent passive permeability of Caco-2 and MDCK cell-monolayers: A mechanistic model. 2017, PLOS ONE, 12(2), e0190319";"Bittermann. K., Goss. K.-U.: Predicting apparent passive permeability of Caco-2 and MDCK cell-monolayers: A mechanistic model. 2017, PLOS ONE, 12(2), e0190319"
3,5-diamino-6-chloro-N-(diaminomethylidene)pyrazine-2-carboxamide;MM00267;N=C(N)NC(=O)c1nc(Cl)c(N)nc1N;XSDQTOBWRPYKKA-UHFFFAOYSA-N;229.628;-1.08;16231;DB00594;AMR;CHEMBL945;Caco2/MDCK;CPapp;37;0;;;;;;;;;;-5.28067;;;;;;;;;;;;"Bittermann. K., Goss. K.-U.: Predicting apparent passive permeability of Caco-2 and MDCK cell-monolayers: A mechanistic model. 2017, PLOS ONE, 12(2), e0190319";"Bittermann. K., Goss. K.-U.: Predicting apparent passive permeability of Caco-2 and MDCK cell-monolayers: A mechanistic model. 2017, PLOS ONE, 12(2), e0190319"
"(E,3R,5S)-7-[3-(4-fluorophenyl)-1-propan-2-ylindol-2-yl]-3,5-dihydroxyhept-6-enoic acid";MM00648;CC(C)n1c(C=CC(O)CC(O)CC(=O)O)c(-c2ccc(F)cc2)c2ccccc21;FJLGEFLZQAZZCD-UHFFFAOYSA-N;411.473;4.63;446155;DB01095;115;CHEMBL350239;Caco2/MDCK;CPapp;37;0;;;;;;;;;;-4.82974;;;;;;;;;;;;"Bittermann. K., Goss. K.-U.: Predicting apparent passive permeability of Caco-2 and MDCK cell-monolayers: A mechanistic model. 2017, PLOS ONE, 12(2), e0190319";"Bittermann. K., Goss. K.-U.: Predicting apparent passive permeability of Caco-2 and MDCK cell-monolayers: A mechanistic model. 2017, PLOS ONE, 12(2), e0190319"
5,7-dihydroxy-3-(4-hydroxyphenyl)chromen-4-one;MM00368;O=c1c(-c2ccc(O)cc2)coc2cc(O)cc(O)c12;TZBJGXHYKVUXJN-UHFFFAOYSA-N;270.24;2.58;5280961;DB01645;GEN;CHEMBL44;Caco2/MDCK;CPapp;37;0;;;;;;;;;;-4.41567;;;;;;;;;;;;"Bittermann. K., Goss. K.-U.: Predicting apparent passive permeability of Caco-2 and MDCK cell-monolayers: A mechanistic model. 2017, PLOS ONE, 12(2), e0190319";"Bittermann. K., Goss. K.-U.: Predicting apparent passive permeability of Caco-2 and MDCK cell-monolayers: A mechanistic model. 2017, PLOS ONE, 12(2), e0190319"
Hydrocortisone;MM00044;CC12CCC(=O)C=C1CCC1C2C(O)CC2(C)C1CCC2(O)C(=O)CO;JYGXADMDTFJGBT-UHFFFAOYSA-N;362.466;1.78;5754;DB00741;HCY;CHEMBL389621;Caco2/MDCK;CPapp;37;0;;;;;;;;;;-4.8962;;;;;;;;;;;;"Bittermann. K., Goss. K.-U.: Predicting apparent passive permeability of Caco-2 and MDCK cell-monolayers: A mechanistic model. 2017, PLOS ONE, 12(2), e0190319";"Bittermann. K., Goss. K.-U.: Predicting apparent passive permeability of Caco-2 and MDCK cell-monolayers: A mechanistic model. 2017, PLOS ONE, 12(2), e0190319"
Levofloxacin;MM00762;C[C@H]1COc2c(N3CCN(C)CC3)c(F)cc3c(=O)c(C(=O)O)cn1c23;GSDSWSVVBLHKDQ-JTQLQIEISA-N;361.373;1.54;149096;DB01137;LFX;CHEMBL33;Caco2/MDCK;CPapp;37;0;;;;;;;;;;-5.53313;;;;;;;;;;;;"Bittermann. K., Goss. K.-U.: Predicting apparent passive permeability of Caco-2 and MDCK cell-monolayers: A mechanistic model. 2017, PLOS ONE, 12(2), e0190319";"Bittermann. K., Goss. K.-U.: Predicting apparent passive permeability of Caco-2 and MDCK cell-monolayers: A mechanistic model. 2017, PLOS ONE, 12(2), e0190319"
Methylprednisolone;MM00388;CC1CC2C(C(O)CC3(C)C2CCC3(O)C(=O)CO)C2(C)C=CC(=O)C=C12;VHRSUDSXCMQTMA-UHFFFAOYSA-N;374.477;1.8;6741;DB00959;;CHEMBL650;Caco2/MDCK;CPapp;37;0;;;;;;;;;;-4.76195;;;;;;;;;;;;"Bittermann. K., Goss. K.-U.: Predicting apparent passive permeability of Caco-2 and MDCK cell-monolayers: A mechanistic model. 2017, PLOS ONE, 12(2), e0190319";"Bittermann. K., Goss. K.-U.: Predicting apparent passive permeability of Caco-2 and MDCK cell-monolayers: A mechanistic model. 2017, PLOS ONE, 12(2), e0190319"
Ofloxacin;MM00769;CC1COc2c(N3CCN(C)CC3)c(F)cc3c(=O)c(C(=O)O)cn1c23;GSDSWSVVBLHKDQ-UHFFFAOYSA-N;361.373;1.54;4583;DB01165;;CHEMBL4;Caco2/MDCK;CPapp;37;0;;;;;;;;;;-5.53313;;;;;;;;;;;;"Bittermann. K., Goss. K.-U.: Predicting apparent passive permeability of Caco-2 and MDCK cell-monolayers: A mechanistic model. 2017, PLOS ONE, 12(2), e0190319";"Bittermann. K., Goss. K.-U.: Predicting apparent passive permeability of Caco-2 and MDCK cell-monolayers: A mechanistic model. 2017, PLOS ONE, 12(2), e0190319"
N-[4-[2-hydroxy-3-(propan-2-ylamino)propoxy]phenyl]acetamide;MM00544;CC(=O)Nc1ccc(OCC(O)CNC(C)C)cc1;DURULFYMVIFBIR-UHFFFAOYSA-N;266.341;1.38;4883;DB01297;;CHEMBL6995;Caco2/MDCK;CPapp;37;0;;;;;;;;;;-5.02549;;;;;;;;;;;;"Bittermann. K., Goss. K.-U.: Predicting apparent passive permeability of Caco-2 and MDCK cell-monolayers: A mechanistic model. 2017, PLOS ONE, 12(2), e0190319";"Bittermann. K., Goss. K.-U.: Predicting apparent passive permeability of Caco-2 and MDCK cell-monolayers: A mechanistic model. 2017, PLOS ONE, 12(2), e0190319"
Ranitidine;MM01053;CNC(=C[N+](=O)[O-])NCCSCc1ccc(CN(C)C)o1;VMXUWOKSQNHOCA-UHFFFAOYSA-N;314.404;1.46;5039;DB00863;;CHEMBL1790041;Caco2/MDCK;CPapp;37;0;;;;;;;;;;-5.20761;;;;;;;;;;;;"Bittermann. K., Goss. K.-U.: Predicting apparent passive permeability of Caco-2 and MDCK cell-monolayers: A mechanistic model. 2017, PLOS ONE, 12(2), e0190319";"Bittermann. K., Goss. K.-U.: Predicting apparent passive permeability of Caco-2 and MDCK cell-monolayers: A mechanistic model. 2017, PLOS ONE, 12(2), e0190319"
1-[3-[2-(dimethylamino)ethyl]-1H-indol-5-yl]-N-methylmethanesulfonamide;MM00569;CNS(=O)(=O)Cc1ccc2[nH]cc(CCN(C)C)c2c1;KQKPFRSPSRPDEB-UHFFFAOYSA-N;295.401;1.32;5358;DB00669;;CHEMBL128;Caco2/MDCK;CPapp;37;0;;;;;;;;;;-4.91721;;;;;;;;;;;;"Bittermann. K., Goss. K.-U.: Predicting apparent passive permeability of Caco-2 and MDCK cell-monolayers: A mechanistic model. 2017, PLOS ONE, 12(2), e0190319";"Bittermann. K., Goss. K.-U.: Predicting apparent passive permeability of Caco-2 and MDCK cell-monolayers: A mechanistic model. 2017, PLOS ONE, 12(2), e0190319"
Urea;MM00065;NC(N)=O;XSQUKJJJFZCRTK-UHFFFAOYSA-N;60.056;-0.98;1176;DB03904;URE;CHEMBL985;Caco2/MDCK;CPapp;37;0;;;;;;;;;;-4.65758;;;;;;;;;;;;"Bittermann. K., Goss. K.-U.: Predicting apparent passive permeability of Caco-2 and MDCK cell-monolayers: A mechanistic model. 2017, PLOS ONE, 12(2), e0190319";"Bittermann. K., Goss. K.-U.: Predicting apparent passive permeability of Caco-2 and MDCK cell-monolayers: A mechanistic model. 2017, PLOS ONE, 12(2), e0190319"
N-(4-hydroxyphenyl)acetamide;MM00322;CC(=O)Nc1ccc(O)cc1;RZVAJINKPMORJF-UHFFFAOYSA-N;151.165;1.35;1983;DB00316;TYL;CHEMBL112;Caco2/MDCK;CPapp;37;0;;;;;;;;;;-4.45717;;;;;;;;;;;;"Bittermann. K., Goss. K.-U.: Predicting apparent passive permeability of Caco-2 and MDCK cell-monolayers: A mechanistic model. 2017, PLOS ONE, 12(2), e0190319";"Bittermann. K., Goss. K.-U.: Predicting apparent passive permeability of Caco-2 and MDCK cell-monolayers: A mechanistic model. 2017, PLOS ONE, 12(2), e0190319"
1-(propan-2-ylamino)-3-(2-prop-2-enylphenoxy)propan-2-ol;MM00440;C=CCc1ccccc1OC[C@H](O)CNC(C)C;PAZJSJFMUHDSTF-UHFFFAOYSA-N;249.354;2.15;2119;DB00866;;CHEMBL266195;Caco2/MDCK;CPapp;37;0;;;;;;;;;;-4.39041;;;;;;;;;;;;"Bittermann. K., Goss. K.-U.: Predicting apparent passive permeability of Caco-2 and MDCK cell-monolayers: A mechanistic model. 2017, PLOS ONE, 12(2), e0190319";"Bittermann. K., Goss. K.-U.: Predicting apparent passive permeability of Caco-2 and MDCK cell-monolayers: A mechanistic model. 2017, PLOS ONE, 12(2), e0190319"
Adamantan-1-amine;MM00441;N[C@]12C[C@H]3C[C@H](C[C@H](C3)C1)C2;DKNWSYNQZKUICI-UHFFFAOYSA-N;151.253;1.91;2130;DB00915;;CHEMBL660;Caco2/MDCK;CPapp;37;0;;;;;;;;;;-4.37675;;;;;;;;;;;;"Bittermann. K., Goss. K.-U.: Predicting apparent passive permeability of Caco-2 and MDCK cell-monolayers: A mechanistic model. 2017, PLOS ONE, 12(2), e0190319";"Bittermann. K., Goss. K.-U.: Predicting apparent passive permeability of Caco-2 and MDCK cell-monolayers: A mechanistic model. 2017, PLOS ONE, 12(2), e0190319"
Amitriptyline;MM00444;CN(C)CCC=C1c2ccccc2CCc2ccccc21;KRMDCWKBEZIMAB-UHFFFAOYSA-N;277.411;4.17;2160;DB00321;TP0;CHEMBL629;Caco2/MDCK;CPapp;37;0;;;;;;;;;;-4.266;;;;;;;;;;;;"Bittermann. K., Goss. K.-U.: Predicting apparent passive permeability of Caco-2 and MDCK cell-monolayers: A mechanistic model. 2017, PLOS ONE, 12(2), e0190319";"Bittermann. K., Goss. K.-U.: Predicting apparent passive permeability of Caco-2 and MDCK cell-monolayers: A mechanistic model. 2017, PLOS ONE, 12(2), e0190319"
4-[(7-chloroquinolin-4-yl)amino]-2-(diethylaminomethyl)phenol;MM00446;CCN(CC)Cc1cc(Nc2ccnc3cc(Cl)ccc23)ccc1O;OVCDSSHSILBFBN-UHFFFAOYSA-N;355.866;5.18;2165;DB00613;CQA;CHEMBL682;Caco2/MDCK;CPapp;37;0;;;;;;;;;;-4.08355;;;;;;;;;;;;"Bittermann. K., Goss. K.-U.: Predicting apparent passive permeability of Caco-2 and MDCK cell-monolayers: A mechanistic model. 2017, PLOS ONE, 12(2), e0190319";"Bittermann. K., Goss. K.-U.: Predicting apparent passive permeability of Caco-2 and MDCK cell-monolayers: A mechanistic model. 2017, PLOS ONE, 12(2), e0190319"
1,5-dimethyl-2-phenylpyrazol-3-one;MM00333;Cc1cc(=O)n(-c2ccccc2)n1C;VEQOALNAAJBPNY-UHFFFAOYSA-N;188.23;1.48;2206;DB01435;;CHEMBL277474;Caco2/MDCK;CPapp;37;0;;;;;;;;;;-4.23508;;;;;;;;;;;;"Bittermann. K., Goss. K.-U.: Predicting apparent passive permeability of Caco-2 and MDCK cell-monolayers: A mechanistic model. 2017, PLOS ONE, 12(2), e0190319";"Bittermann. K., Goss. K.-U.: Predicting apparent passive permeability of Caco-2 and MDCK cell-monolayers: A mechanistic model. 2017, PLOS ONE, 12(2), e0190319"
Caffeine;MM00040;Cn1c(=O)c2c(ncn2C)n(C)c1=O;RYYVLZVUVIJVGH-UHFFFAOYSA-N;194.194;-1.03;2519;DB00201;CFF;CHEMBL113;Caco2/MDCK;CPapp;37;0;;;;;;;;;;-4.23582;;;;;;;;;;;;"Bittermann. K., Goss. K.-U.: Predicting apparent passive permeability of Caco-2 and MDCK cell-monolayers: A mechanistic model. 2017, PLOS ONE, 12(2), e0190319";"Bittermann. K., Goss. K.-U.: Predicting apparent passive permeability of Caco-2 and MDCK cell-monolayers: A mechanistic model. 2017, PLOS ONE, 12(2), e0190319"
2,2-dichloro-N-[(1R,2R)-1,3-dihydroxy-1-(4-nitrophenyl)propan-2-yl]acetamide;MM00342;O=C(NC(CO)C(O)c1ccc([N+](=O)[O-])cc1)C(Cl)Cl;WIIZWVCIJKGZOK-UHFFFAOYSA-N;323.126;0.91;5959;DB00446;CLM;CHEMBL130;Caco2/MDCK;CPapp;37;0;;;;;;;;;;-4.4168;;;;;;;;;;;;"Bittermann. K., Goss. K.-U.: Predicting apparent passive permeability of Caco-2 and MDCK cell-monolayers: A mechanistic model. 2017, PLOS ONE, 12(2), e0190319";"Bittermann. K., Goss. K.-U.: Predicting apparent passive permeability of Caco-2 and MDCK cell-monolayers: A mechanistic model. 2017, PLOS ONE, 12(2), e0190319"
4-N-(7-chloroquinolin-4-yl)-1-N,1-N-diethylpentane-1,4-diamine;MM00459;CCN(CC)CCCC(C)Nc1ccnc2cc(Cl)ccc12;WHTVZRBIWZFKQO-UHFFFAOYSA-N;319.877;4.81;2719;DB00608;CLQ;CHEMBL76;Caco2/MDCK;CPapp;37;0;;;;;;;;;;-4.11976;;;;;;;;;;;;"Bittermann. K., Goss. K.-U.: Predicting apparent passive permeability of Caco-2 and MDCK cell-monolayers: A mechanistic model. 2017, PLOS ONE, 12(2), e0190319";"Bittermann. K., Goss. K.-U.: Predicting apparent passive permeability of Caco-2 and MDCK cell-monolayers: A mechanistic model. 2017, PLOS ONE, 12(2), e0190319"
(2R)-2-[2-[(1R)-1-(4-chlorophenyl)-1-phenylethoxy]ethyl]-1-methylpyrrolidine;MM00466;CN1CCCC1CCOC(C)(c1ccccc1)c1ccc(Cl)cc1;YNNUSGIPVFPVBX-UHFFFAOYSA-N;343.895;5.1;26987;DB00283;;CHEMBL1626;Caco2/MDCK;CPapp;37;0;;;;;;;;;;-4.2993;;;;;;;;;;;;"Bittermann. K., Goss. K.-U.: Predicting apparent passive permeability of Caco-2 and MDCK cell-monolayers: A mechanistic model. 2017, PLOS ONE, 12(2), e0190319";"Bittermann. K., Goss. K.-U.: Predicting apparent passive permeability of Caco-2 and MDCK cell-monolayers: A mechanistic model. 2017, PLOS ONE, 12(2), e0190319"
N-(2,6-dichlorophenyl)-4,5-dihydro-1H-imidazol-2-amine;MM00344;Clc1cccc(Cl)c1N=C1NCCN1;GJSURZIOUXUGAL-UHFFFAOYSA-N;230.09;2.17;2803;DB00575;CLU;CHEMBL134;Caco2/MDCK;CPapp;37;0;;;;;;;;;;-4.39469;;;;;;;;;;;;"Bittermann. K., Goss. K.-U.: Predicting apparent passive permeability of Caco-2 and MDCK cell-monolayers: A mechanistic model. 2017, PLOS ONE, 12(2), e0190319";"Bittermann. K., Goss. K.-U.: Predicting apparent passive permeability of Caco-2 and MDCK cell-monolayers: A mechanistic model. 2017, PLOS ONE, 12(2), e0190319"
3-chloro-6-(4-methylpiperazin-1-yl)-5H-benzo[b][1,4]benzodiazepine;MM00469;CN1CCN(C2=Nc3cc(Cl)ccc3Nc3ccccc32)CC1;QZUDBNBUXVUHMW-UHFFFAOYSA-N;326.828;3.72;2818;DB00363;;CHEMBL42;Caco2/MDCK;CPapp;37;0;;;;;;;;;;-4.27409;;;;;;;;;;;;"Bittermann. K., Goss. K.-U.: Predicting apparent passive permeability of Caco-2 and MDCK cell-monolayers: A mechanistic model. 2017, PLOS ONE, 12(2), e0190319";"Bittermann. K., Goss. K.-U.: Predicting apparent passive permeability of Caco-2 and MDCK cell-monolayers: A mechanistic model. 2017, PLOS ONE, 12(2), e0190319"
Corticosterone;MM00346;CC12CCC(=O)C=C1CCC1C2C(O)CC2(C)C(C(=O)CO)CCC12;OMFXVFTZEKFJBZ-UHFFFAOYSA-N;346.467;2.67;5753;DB04652;C0R;CHEMBL110739;Caco2/MDCK;CPapp;37;0;;;;;;;;;;-4.38934;;;;;;;;;;;;"Bittermann. K., Goss. K.-U.: Predicting apparent passive permeability of Caco-2 and MDCK cell-monolayers: A mechanistic model. 2017, PLOS ONE, 12(2), e0190319";"Bittermann. K., Goss. K.-U.: Predicting apparent passive permeability of Caco-2 and MDCK cell-monolayers: A mechanistic model. 2017, PLOS ONE, 12(2), e0190319"
3-(5,6-dihydrobenzo[b][1]benzazepin-11-yl)-N-methylpropan-1-amine;MM00474;CNCCCN1c2ccccc2CCc2ccccc21;HCYAFALTSJYZDH-UHFFFAOYSA-N;266.388;3.53;2995;DB01151;DSM;CHEMBL72;Caco2/MDCK;CPapp;37;0;;;;;;;;;;-4.3536;;;;;;;;;;;;"Bittermann. K., Goss. K.-U.: Predicting apparent passive permeability of Caco-2 and MDCK cell-monolayers: A mechanistic model. 2017, PLOS ONE, 12(2), e0190319";"Bittermann. K., Goss. K.-U.: Predicting apparent passive permeability of Caco-2 and MDCK cell-monolayers: A mechanistic model. 2017, PLOS ONE, 12(2), e0190319"
Dexamethasone;MM00355;C[C@@H]1C[C@H]2[C@@H]3CCC4=CC(=O)C=C[C@]4(C)[C@@]3(F)[C@@H](O)C[C@]2(C)[C@@]1(O)C(=O)CO;UREBDLICKHMUKA-CXSFZGCWSA-N;392.467;1.9;5743;DB01234;DEX;CHEMBL384467;Caco2/MDCK;CPapp;37;0;;;;;;;;;;-4.36051;;;;;;;;;;;;"Bittermann. K., Goss. K.-U.: Predicting apparent passive permeability of Caco-2 and MDCK cell-monolayers: A mechanistic model. 2017, PLOS ONE, 12(2), e0190319";"Bittermann. K., Goss. K.-U.: Predicting apparent passive permeability of Caco-2 and MDCK cell-monolayers: A mechanistic model. 2017, PLOS ONE, 12(2), e0190319"
(3E)-3-(6H-benzo[c][1]benzoxepin-11-ylidene)-N,N-dimethylpropan-1-amine;MM00484;CN(C)CCC=C1c2ccccc2COc2ccccc21;ODQWQRRAPPTVAG-UHFFFAOYSA-N;279.383;3.96;667477;DB01142;D7V;CHEMBL101740;Caco2/MDCK;CPapp;37;0;;;;;;;;;;-4.38616;;;;;;;;;;;;"Bittermann. K., Goss. K.-U.: Predicting apparent passive permeability of Caco-2 and MDCK cell-monolayers: A mechanistic model. 2017, PLOS ONE, 12(2), e0190319";"Bittermann. K., Goss. K.-U.: Predicting apparent passive permeability of Caco-2 and MDCK cell-monolayers: A mechanistic model. 2017, PLOS ONE, 12(2), e0190319"
3-ethyl-3-methylpyrrolidine-2,5-dione;MM00359;CCC1(C)CC(=O)NC1=O;HAPOVYFOVVWLRS-UHFFFAOYSA-N;141.17;0.45;3291;DB00593;;CHEMBL696;Caco2/MDCK;CPapp;37;0;;;;;;;;;;-4.34486;;;;;;;;;;;;"Bittermann. K., Goss. K.-U.: Predicting apparent passive permeability of Caco-2 and MDCK cell-monolayers: A mechanistic model. 2017, PLOS ONE, 12(2), e0190319";"Bittermann. K., Goss. K.-U.: Predicting apparent passive permeability of Caco-2 and MDCK cell-monolayers: A mechanistic model. 2017, PLOS ONE, 12(2), e0190319"
N-methyl-3-phenyl-3-[4-(trifluoromethyl)phenoxy]propan-1-amine;MM00082;CNCCC(Oc1ccc(C(F)(F)F)cc1)c1ccccc1;RTHCYVBBDHJXIQ-UHFFFAOYSA-N;309.332;4.44;3386;DB00472;;CHEMBL41;Caco2/MDCK;CPapp;37;0;;;;;;;;;;-4.36452;;;;;;;;;;;;"Bittermann. K., Goss. K.-U.: Predicting apparent passive permeability of Caco-2 and MDCK cell-monolayers: A mechanistic model. 2017, PLOS ONE, 12(2), e0190319";"Bittermann. K., Goss. K.-U.: Predicting apparent passive permeability of Caco-2 and MDCK cell-monolayers: A mechanistic model. 2017, PLOS ONE, 12(2), e0190319"
Fluparoxan;MM01538;;;;;72036;;;;Caco2/MDCK;CPapp;37;0;;;;;;;;;;-4.4034;;;;;;;;;;;;"Bittermann. K., Goss. K.-U.: Predicting apparent passive permeability of Caco-2 and MDCK cell-monolayers: A mechanistic model. 2017, PLOS ONE, 12(2), e0190319";"Bittermann. K., Goss. K.-U.: Predicting apparent passive permeability of Caco-2 and MDCK cell-monolayers: A mechanistic model. 2017, PLOS ONE, 12(2), e0190319"
Gly-Pro;MM00739;NCC(=O)N1CCCC1C(=O)O;KZNQNBZMBZJQJO-UHFFFAOYSA-N;172.184;-0.98;79101;;;;Caco2/MDCK;CPapp;37;0;;;;;;;;;;-4.50031;;;;;;;;;;;;"Bittermann. K., Goss. K.-U.: Predicting apparent passive permeability of Caco-2 and MDCK cell-monolayers: A mechanistic model. 2017, PLOS ONE, 12(2), e0190319";"Bittermann. K., Goss. K.-U.: Predicting apparent passive permeability of Caco-2 and MDCK cell-monolayers: A mechanistic model. 2017, PLOS ONE, 12(2), e0190319"
2-[2-[4-[(4-chlorophenyl)-phenylmethyl]piperazin-1-yl]ethoxy]ethanol;MM00502;OCCOCCN1CCN(C(c2ccccc2)c2ccc(Cl)cc2)CC1;ZQDWXGKKHFNSQK-UHFFFAOYSA-N;374.909;3.06;3658;DB00557;;CHEMBL896;Caco2/MDCK;CPapp;37;0;;;;;;;;;;-4.25104;;;;;;;;;;;;"Bittermann. K., Goss. K.-U.: Predicting apparent passive permeability of Caco-2 and MDCK cell-monolayers: A mechanistic model. 2017, PLOS ONE, 12(2), e0190319";"Bittermann. K., Goss. K.-U.: Predicting apparent passive permeability of Caco-2 and MDCK cell-monolayers: A mechanistic model. 2017, PLOS ONE, 12(2), e0190319"
3-(5,6-dihydrobenzo[b][1]benzazepin-11-yl)-N,N-dimethylpropan-1-amine;MM00504;CN(C)CCCN1c2ccccc2CCc2ccccc21;BCGWQEUPMDMJNV-UHFFFAOYSA-N;280.415;3.88;3696;DB00458;IXX;CHEMBL11;Caco2/MDCK;CPapp;37;0;;;;;;;;;;-4.3363;;;;;;;;;;;;"Bittermann. K., Goss. K.-U.: Predicting apparent passive permeability of Caco-2 and MDCK cell-monolayers: A mechanistic model. 2017, PLOS ONE, 12(2), e0190319";"Bittermann. K., Goss. K.-U.: Predicting apparent passive permeability of Caco-2 and MDCK cell-monolayers: A mechanistic model. 2017, PLOS ONE, 12(2), e0190319"
N'-benzyl-5-methyl-1,2-oxazole-3-carbohydrazide;MM00379;Cc1cc(C(=O)NNCc2ccccc2)no1;XKFPYPQQHFEXRZ-UHFFFAOYSA-N;231.255;1.42;3759;DB01247;;CHEMBL1201168;Caco2/MDCK;CPapp;37;0;;;;;;;;;;-4.3363;;;;;;;;;;;;"Bittermann. K., Goss. K.-U.: Predicting apparent passive permeability of Caco-2 and MDCK cell-monolayers: A mechanistic model. 2017, PLOS ONE, 12(2), e0190319";"Bittermann. K., Goss. K.-U.: Predicting apparent passive permeability of Caco-2 and MDCK cell-monolayers: A mechanistic model. 2017, PLOS ONE, 12(2), e0190319"
"2-(3-benzoylphenyl)propanoic acid";MM00662;CC(C(=O)O)c1cccc(C(=O)c2ccccc2)c1;DKYWVDODHFEZIM-UHFFFAOYSA-N;254.285;3.11;3825;DB01009;;CHEMBL571;Caco2/MDCK;CPapp;37;0;;;;;;;;;;-4.42022;;;;;;;;;;;;"Bittermann. K., Goss. K.-U.: Predicting apparent passive permeability of Caco-2 and MDCK cell-monolayers: A mechanistic model. 2017, PLOS ONE, 12(2), e0190319";"Bittermann. K., Goss. K.-U.: Predicting apparent passive permeability of Caco-2 and MDCK cell-monolayers: A mechanistic model. 2017, PLOS ONE, 12(2), e0190319"
2-hydroxy-5-[1-hydroxy-2-(4-phenylbutan-2-ylamino)ethyl]benzamide;MM00507;CC(CCc1ccccc1)NCC(O)c1ccc(O)c(C(N)=O)c1;SGUAFYQXFOLMHL-UHFFFAOYSA-N;328.412;2.14;3869;DB00598;;CHEMBL429;Caco2/MDCK;CPapp;37;0;;;;;;;;;;-4.49214;;;;;;;;;;;;"Bittermann. K., Goss. K.-U.: Predicting apparent passive permeability of Caco-2 and MDCK cell-monolayers: A mechanistic model. 2017, PLOS ONE, 12(2), e0190319";"Bittermann. K., Goss. K.-U.: Predicting apparent passive permeability of Caco-2 and MDCK cell-monolayers: A mechanistic model. 2017, PLOS ONE, 12(2), e0190319"
6-(2,3-dichlorophenyl)-1,2,4-triazine-3,5-diamine;MM00383;Nc1nnc(-c2cccc(Cl)c2Cl)c(N)n1;PYZRQGJRPPTADH-UHFFFAOYSA-N;256.089;2.01;3878;DB00555;;CHEMBL741;Caco2/MDCK;CPapp;37;0;;;;;;;;;;-4.25181;;;;;;;;;;;;"Bittermann. K., Goss. K.-U.: Predicting apparent passive permeability of Caco-2 and MDCK cell-monolayers: A mechanistic model. 2017, PLOS ONE, 12(2), e0190319";"Bittermann. K., Goss. K.-U.: Predicting apparent passive permeability of Caco-2 and MDCK cell-monolayers: A mechanistic model. 2017, PLOS ONE, 12(2), e0190319"
2-[[3-methyl-4-(2,2,2-trifluoroethoxy)pyridin-2-yl]methylsulfinyl]-1H-benzimidazole;MM00384;Cc1c(OCC(F)(F)F)ccnc1CS(=O)c1nc2ccccc2[nH]1;MJIHNNLFOKEZEW-UHFFFAOYSA-N;369.362;3.52;3883;DB00448;;CHEMBL480;Caco2/MDCK;CPapp;37;0;;;;;;;;;;-4.31876;;;;;;;;;;;;"Bittermann. K., Goss. K.-U.: Predicting apparent passive permeability of Caco-2 and MDCK cell-monolayers: A mechanistic model. 2017, PLOS ONE, 12(2), e0190319";"Bittermann. K., Goss. K.-U.: Predicting apparent passive permeability of Caco-2 and MDCK cell-monolayers: A mechanistic model. 2017, PLOS ONE, 12(2), e0190319"
1-[4-(2-methoxyethyl)phenoxy]-3-(propan-2-ylamino)propan-2-ol;MM00275;COCCc1ccc(OCC(O)CNC(C)C)cc1;IUBSYMUCCVWXPE-UHFFFAOYSA-N;267.369;1.61;4171;DB00264;;CHEMBL13;Caco2/MDCK;CPapp;37;0;;;;;;;;;;-4.40121;;;;;;;;;;;;"Bittermann. K., Goss. K.-U.: Predicting apparent passive permeability of Caco-2 and MDCK cell-monolayers: A mechanistic model. 2017, PLOS ONE, 12(2), e0190319";"Bittermann. K., Goss. K.-U.: Predicting apparent passive permeability of Caco-2 and MDCK cell-monolayers: A mechanistic model. 2017, PLOS ONE, 12(2), e0190319"
3-hydroxy-2-imino-6-piperidin-1-ylpyrimidin-4-amine;MM00393;Nc1cc(N2CCCCC2)nc(N)[n+]1[O-];ZFMITUMMTDLWHR-UHFFFAOYSA-N;209.253;-0.13;4201;DB00350;MXD;CHEMBL802;Caco2/MDCK;CPapp;37;0;;;;;;;;;;-4.49757;;;;;;;;;;;;"Bittermann. K., Goss. K.-U.: Predicting apparent passive permeability of Caco-2 and MDCK cell-monolayers: A mechanistic model. 2017, PLOS ONE, 12(2), e0190319";"Bittermann. K., Goss. K.-U.: Predicting apparent passive permeability of Caco-2 and MDCK cell-monolayers: A mechanistic model. 2017, PLOS ONE, 12(2), e0190319"
5-methyl-2,5,19-triazatetracyclo[13.4.0.02,7.08,13]nonadeca-1(15),8,10,12,16,18-hexaene;MM00520;CN1CCN2c3ncccc3Cc3ccccc3C2C1;RONZAEMNMFQXRA-UHFFFAOYSA-N;265.36;2.48;4205;DB00370;;CHEMBL654;Caco2/MDCK;CPapp;37;0;;;;;;;;;;-4.24949;;;;;;;;;;;;"Bittermann. K., Goss. K.-U.: Predicting apparent passive permeability of Caco-2 and MDCK cell-monolayers: A mechanistic model. 2017, PLOS ONE, 12(2), e0190319";"Bittermann. K., Goss. K.-U.: Predicting apparent passive permeability of Caco-2 and MDCK cell-monolayers: A mechanistic model. 2017, PLOS ONE, 12(2), e0190319"
Morphine;MM00524;CN1CCC23c4c5ccc(O)c4OC2C(O)C=CC3C1C5;BQJCRHHNABKAKU-UHFFFAOYSA-N;285.343;1.2;5288826;DB00295;MOI;CHEMBL70;Caco2/MDCK;CPapp;37;0;;;;;;;;;;-4.48946;;;;;;;;;;;;"Bittermann. K., Goss. K.-U.: Predicting apparent passive permeability of Caco-2 and MDCK cell-monolayers: A mechanistic model. 2017, PLOS ONE, 12(2), e0190319";"Bittermann. K., Goss. K.-U.: Predicting apparent passive permeability of Caco-2 and MDCK cell-monolayers: A mechanistic model. 2017, PLOS ONE, 12(2), e0190319"
"(2S)-2-(6-methoxynaphthalen-2-yl)propanoic acid";MM00672;COc1ccc2cc(C(C)C(=O)O)ccc2c1;CMWTZPSULFXXJA-UHFFFAOYSA-N;230.263;3.04;156391;DB00788;NPS;CHEMBL154;Caco2/MDCK;CPapp;37;0;;;;;;;;;;-4.40894;;;;;;;;;;;;"Bittermann. K., Goss. K.-U.: Predicting apparent passive permeability of Caco-2 and MDCK cell-monolayers: A mechanistic model. 2017, PLOS ONE, 12(2), e0190319";"Bittermann. K., Goss. K.-U.: Predicting apparent passive permeability of Caco-2 and MDCK cell-monolayers: A mechanistic model. 2017, PLOS ONE, 12(2), e0190319"
3-[(2S)-1-methylpyrrolidin-2-yl]pyridine;MM00529;CN1CCCC1c1cccnc1;SNICXCGAKADSCV-UHFFFAOYSA-N;162.236;1.85;89594;DB00184;NCT;CHEMBL3;Caco2/MDCK;CPapp;37;0;;;;;;;;;;-4.22257;;;;;;;;;;;;"Bittermann. K., Goss. K.-U.: Predicting apparent passive permeability of Caco-2 and MDCK cell-monolayers: A mechanistic model. 2017, PLOS ONE, 12(2), e0190319";"Bittermann. K., Goss. K.-U.: Predicting apparent passive permeability of Caco-2 and MDCK cell-monolayers: A mechanistic model. 2017, PLOS ONE, 12(2), e0190319"
6-methoxy-2-[(4-methoxy-3,5-dimethylpyridin-2-yl)methylsulfinyl]-1H-benzimidazole;MM00399;COc1ccc2[nH]c(S(=O)Cc3ncc(C)c(OC)c3C)nc2c1;SUBDBMMJDZJVOS-UHFFFAOYSA-N;345.417;2.9;4594;DB00338;;CHEMBL1503;Caco2/MDCK;CPapp;37;0;;;;;;;;;;-4.39362;;;;;;;;;;;;"Bittermann. K., Goss. K.-U.: Predicting apparent passive permeability of Caco-2 and MDCK cell-monolayers: A mechanistic model. 2017, PLOS ONE, 12(2), e0190319";"Bittermann. K., Goss. K.-U.: Predicting apparent passive permeability of Caco-2 and MDCK cell-monolayers: A mechanistic model. 2017, PLOS ONE, 12(2), e0190319"
9-methyl-3-[(2-methylimidazol-1-yl)methyl]-2,3-dihydro-1H-carbazol-4-one;MM00531;Cc1nccn1CC1CCc2c(c3ccccc3n2C)C1=O;FELGMEQIXOGIFQ-UHFFFAOYSA-N;293.37;3.13;4595;DB00904;;CHEMBL46;Caco2/MDCK;CPapp;37;0;;;;;;;;;;-4.36957;;;;;;;;;;;;"Bittermann. K., Goss. K.-U.: Predicting apparent passive permeability of Caco-2 and MDCK cell-monolayers: A mechanistic model. 2017, PLOS ONE, 12(2), e0190319";"Bittermann. K., Goss. K.-U.: Predicting apparent passive permeability of Caco-2 and MDCK cell-monolayers: A mechanistic model. 2017, PLOS ONE, 12(2), e0190319"
Oxyprenolol;MM01539;;;;;94423;;;;Caco2/MDCK;CPapp;37;0;;;;;;;;;;-4.36957;;;;;;;;;;;;"Bittermann. K., Goss. K.-U.: Predicting apparent passive permeability of Caco-2 and MDCK cell-monolayers: A mechanistic model. 2017, PLOS ONE, 12(2), e0190319";"Bittermann. K., Goss. K.-U.: Predicting apparent passive permeability of Caco-2 and MDCK cell-monolayers: A mechanistic model. 2017, PLOS ONE, 12(2), e0190319"
6-(difluoromethoxy)-2-[(3,4-dimethoxypyridin-2-yl)methylsulfinyl]-1H-benzimidazole;MM00401;COc1ccnc(CS(=O)c2nc3cc(OC(F)F)ccc3[nH]2)c1OC;IQPSEEYGBUAQFF-UHFFFAOYSA-N;383.37;2.88;4679;DB00213;;CHEMBL1502;Caco2/MDCK;CPapp;37;0;;;;;;;;;;-4.43415;;;;;;;;;;;;"Bittermann. K., Goss. K.-U.: Predicting apparent passive permeability of Caco-2 and MDCK cell-monolayers: A mechanistic model. 2017, PLOS ONE, 12(2), e0190319";"Bittermann. K., Goss. K.-U.: Predicting apparent passive permeability of Caco-2 and MDCK cell-monolayers: A mechanistic model. 2017, PLOS ONE, 12(2), e0190319"
2-amino-5-phenyl-1,3-oxazol-4-one;MM00402;NC1=NC(=O)C(c2ccccc2)O1;NRNCYVBFPDDJNE-UHFFFAOYSA-N;176.175;0.6;4723;DB01230;;CHEMBL1177;Caco2/MDCK;CPapp;37;0;;;;;;;;;;-4.39903;;;;;;;;;;;;"Bittermann. K., Goss. K.-U.: Predicting apparent passive permeability of Caco-2 and MDCK cell-monolayers: A mechanistic model. 2017, PLOS ONE, 12(2), e0190319";"Bittermann. K., Goss. K.-U.: Predicting apparent passive permeability of Caco-2 and MDCK cell-monolayers: A mechanistic model. 2017, PLOS ONE, 12(2), e0190319"
Pergolide;MM00538;CCCN1C[C@H](CSC)C[C@@H]2c3cccc4[nH]cc(c34)C[C@H]21;YEHCICAEULNIGD-MZMPZRCHSA-N;314.491;4.27;47811;DB01186;;CHEMBL531;Caco2/MDCK;CPapp;37;0;;;;;;;;;;-4.37366;;;;;;;;;;;;"Bittermann. K., Goss. K.-U.: Predicting apparent passive permeability of Caco-2 and MDCK cell-monolayers: A mechanistic model. 2017, PLOS ONE, 12(2), e0190319";"Bittermann. K., Goss. K.-U.: Predicting apparent passive permeability of Caco-2 and MDCK cell-monolayers: A mechanistic model. 2017, PLOS ONE, 12(2), e0190319"
2-phenylethylhydrazine;MM00404;NNCCc1ccccc1;RMUCZJUITONUFY-UHFFFAOYSA-N;136.198;0.69;3675;DB00780;;CHEMBL1089;Caco2/MDCK;CPapp;37;0;;;;;;;;;;-4.24109;;;;;;;;;;;;"Bittermann. K., Goss. K.-U.: Predicting apparent passive permeability of Caco-2 and MDCK cell-monolayers: A mechanistic model. 2017, PLOS ONE, 12(2), e0190319";"Bittermann. K., Goss. K.-U.: Predicting apparent passive permeability of Caco-2 and MDCK cell-monolayers: A mechanistic model. 2017, PLOS ONE, 12(2), e0190319"
5,5-diphenylimidazolidine-2,4-dione;MM00406;O=C1N=C(O)NC1(c1ccccc1)c1ccccc1;CXOFVDLJLONNDW-UHFFFAOYSA-N;252.273;1.97;1775;DB00252;;CHEMBL16;Caco2/MDCK;CPapp;37;0;;;;;;;;;;-4.10018;;;;;;;;;;;;"Bittermann. K., Goss. K.-U.: Predicting apparent passive permeability of Caco-2 and MDCK cell-monolayers: A mechanistic model. 2017, PLOS ONE, 12(2), e0190319";"Bittermann. K., Goss. K.-U.: Predicting apparent passive permeability of Caco-2 and MDCK cell-monolayers: A mechanistic model. 2017, PLOS ONE, 12(2), e0190319"
1-(1H-indol-4-yloxy)-3-(propan-2-ylamino)propan-2-ol;MM00542;CC(C)NCC(O)COc1cccc2[nH]ccc12;JZQKKSLKJUAGIC-UHFFFAOYSA-N;248.326;1.91;4828;DB00960;;CHEMBL500;Caco2/MDCK;CPapp;37;0;;;;;;;;;;-4.40012;;;;;;;;;;;;"Bittermann. K., Goss. K.-U.: Predicting apparent passive permeability of Caco-2 and MDCK cell-monolayers: A mechanistic model. 2017, PLOS ONE, 12(2), e0190319";"Bittermann. K., Goss. K.-U.: Predicting apparent passive permeability of Caco-2 and MDCK cell-monolayers: A mechanistic model. 2017, PLOS ONE, 12(2), e0190319"
2-(cyclohexanecarbonyl)-3,6,7,11b-tetrahydro-1H-pyrazino[2,1-a]isoquinolin-4-one;MM00407;O=C(C1CCCCC1)N1CC(=O)N2CCc3ccccc3C2C1;FSVJFNAIGNNGKK-UHFFFAOYSA-N;312.413;2.53;4891;DB01058;;CHEMBL976;Caco2/MDCK;CPapp;37;0;;;;;;;;;;-3.9914;;;;;;;;;;;;"Bittermann. K., Goss. K.-U.: Predicting apparent passive permeability of Caco-2 and MDCK cell-monolayers: A mechanistic model. 2017, PLOS ONE, 12(2), e0190319";"Bittermann. K., Goss. K.-U.: Predicting apparent passive permeability of Caco-2 and MDCK cell-monolayers: A mechanistic model. 2017, PLOS ONE, 12(2), e0190319"
[4-(4-amino-6,7-dimethoxyquinazolin-2-yl)piperazin-1-yl]-(furan-2-yl)methanone;MM00547;COc1cc2nc(N3CCN(C(=O)c4ccco4)CC3)nc(N)c2cc1OC;IENZQIKPVFGBNW-UHFFFAOYSA-N;383.408;1.78;4893;DB00457;XRA;CHEMBL2;Caco2/MDCK;CPapp;37;0;;;;;;;;;;-4.37161;;;;;;;;;;;;"Bittermann. K., Goss. K.-U.: Predicting apparent passive permeability of Caco-2 and MDCK cell-monolayers: A mechanistic model. 2017, PLOS ONE, 12(2), e0190319";"Bittermann. K., Goss. K.-U.: Predicting apparent passive permeability of Caco-2 and MDCK cell-monolayers: A mechanistic model. 2017, PLOS ONE, 12(2), e0190319"
1-naphthalen-1-yloxy-3-(propan-2-ylamino)propan-2-ol;MM00085;CC(C)NCC(O)COc1cccc2ccccc12;AQHHHDLHHXJYJD-UHFFFAOYSA-N;259.349;2.58;4946;DB00571;;CHEMBL27;Caco2/MDCK;CPapp;37;0;;;;;;;;;;-4.39254;;;;;;;;;;;;"Bittermann. K., Goss. K.-U.: Predicting apparent passive permeability of Caco-2 and MDCK cell-monolayers: A mechanistic model. 2017, PLOS ONE, 12(2), e0190319";"Bittermann. K., Goss. K.-U.: Predicting apparent passive permeability of Caco-2 and MDCK cell-monolayers: A mechanistic model. 2017, PLOS ONE, 12(2), e0190319"
6-propyl-2-sulfanylidene-1H-pyrimidin-4-one;MM00415;CCCc1cc(=O)[nH]c(=S)[nH]1;KNAHARQHSZJURB-UHFFFAOYSA-N;170.23;1.38;657298;DB00550;3CJ;CHEMBL1518;Caco2/MDCK;CPapp;37;0;;;;;;;;;;-4.37986;;;;;;;;;;;;"Bittermann. K., Goss. K.-U.: Predicting apparent passive permeability of Caco-2 and MDCK cell-monolayers: A mechanistic model. 2017, PLOS ONE, 12(2), e0190319";"Bittermann. K., Goss. K.-U.: Predicting apparent passive permeability of Caco-2 and MDCK cell-monolayers: A mechanistic model. 2017, PLOS ONE, 12(2), e0190319"
Pumafentrine;MM00554;CCOc1cc2c(cc1OC)C(c1ccc(C(=O)N(C(C)C)C(C)C)cc1)=N[C@@H]1CCN(C)C[C@H]21;CVDXFPBVOIERBH-JWQCQUIFSA-N;477.649;4.99;3052763;;;CHEMBL2106994;Caco2/MDCK;CPapp;37;0;;;;;;;;;;-4.31876;;;;;;;;;;;;"Bittermann. K., Goss. K.-U.: Predicting apparent passive permeability of Caco-2 and MDCK cell-monolayers: A mechanistic model. 2017, PLOS ONE, 12(2), e0190319";"Bittermann. K., Goss. K.-U.: Predicting apparent passive permeability of Caco-2 and MDCK cell-monolayers: A mechanistic model. 2017, PLOS ONE, 12(2), e0190319"
(S)-[(2R,4S,5R)-5-ethenyl-1-azabicyclo[2.2.2]octan-2-yl]-(6-methoxyquinolin-4-yl)methanol;MM00558;C=C[C@H]1CN2CC[C@H]1C[C@@H]2[C@@H](O)c1ccnc2ccc(OC)cc12;LOUPRKONTZGTKE-LHHVKLHASA-N;324.424;3.17;441074;DB00908;QDN;CHEMBL1294;Caco2/MDCK;CPapp;37;0;;;;;;;;;;-4.40012;;;;;;;;;;;;"Bittermann. K., Goss. K.-U.: Predicting apparent passive permeability of Caco-2 and MDCK cell-monolayers: A mechanistic model. 2017, PLOS ONE, 12(2), e0190319";"Bittermann. K., Goss. K.-U.: Predicting apparent passive permeability of Caco-2 and MDCK cell-monolayers: A mechanistic model. 2017, PLOS ONE, 12(2), e0190319"
(R)-[(2S,4S,5R)-5-ethenyl-1-azabicyclo[2.2.2]octan-2-yl]-(6-methoxyquinolin-4-yl)methanol;MM00559;C=C[C@H]1CN2CC[C@H]1C[C@H]2[C@H](O)c1ccnc2ccc(OC)cc12;LOUPRKONTZGTKE-WZBLMQSHSA-N;324.424;3.17;3034034;DB00468;QI9;CHEMBL170;Caco2/MDCK;CPapp;37;0;;;;;;;;;;-4.15304;;;;;;;;;;;;"Bittermann. K., Goss. K.-U.: Predicting apparent passive permeability of Caco-2 and MDCK cell-monolayers: A mechanistic model. 2017, PLOS ONE, 12(2), e0190319";"Bittermann. K., Goss. K.-U.: Predicting apparent passive permeability of Caco-2 and MDCK cell-monolayers: A mechanistic model. 2017, PLOS ONE, 12(2), e0190319"
(2R)-N-methyl-1-phenyl-N-prop-2-ynylpropan-2-amine;MM00565;C#CCN(C)[C@H](C)Cc1ccccc1;MEZLKOACVSPNER-GFCCVEGCSA-N;187.286;2.18;26757;DB01037;;CHEMBL972;Caco2/MDCK;CPapp;37;0;;;;;;;;;;-4.36653;;;;;;;;;;;;"Bittermann. K., Goss. K.-U.: Predicting apparent passive permeability of Caco-2 and MDCK cell-monolayers: A mechanistic model. 2017, PLOS ONE, 12(2), e0190319";"Bittermann. K., Goss. K.-U.: Predicting apparent passive permeability of Caco-2 and MDCK cell-monolayers: A mechanistic model. 2017, PLOS ONE, 12(2), e0190319"
N-[4-[1-hydroxy-2-(propan-2-ylamino)ethyl]phenyl]methanesulfonamide;MM00567;CC(C)NCC(O)c1ccc(NS(C)(=O)=O)cc1;ZBMZVLHSJCTVON-UHFFFAOYSA-N;272.363;1.09;5253;DB00489;;CHEMBL471;Caco2/MDCK;CPapp;37;0;;;;;;;;;;-4.61618;;;;;;;;;;;;"Bittermann. K., Goss. K.-U.: Predicting apparent passive permeability of Caco-2 and MDCK cell-monolayers: A mechanistic model. 2017, PLOS ONE, 12(2), e0190319";"Bittermann. K., Goss. K.-U.: Predicting apparent passive permeability of Caco-2 and MDCK cell-monolayers: A mechanistic model. 2017, PLOS ONE, 12(2), e0190319"
1,2,3,4-tetrahydroacridin-9-amine;MM00305;Nc1c2c(nc3ccccc13)CCCC2;YLJREFDVOIBQDA-UHFFFAOYSA-N;198.269;2.7;1935;DB00382;THA;CHEMBL95;Caco2/MDCK;CPapp;37;0;;;;;;;;;;-4.2668;;;;;;;;;;;;"Bittermann. K., Goss. K.-U.: Predicting apparent passive permeability of Caco-2 and MDCK cell-monolayers: A mechanistic model. 2017, PLOS ONE, 12(2), e0190319";"Bittermann. K., Goss. K.-U.: Predicting apparent passive permeability of Caco-2 and MDCK cell-monolayers: A mechanistic model. 2017, PLOS ONE, 12(2), e0190319"
7-chloro-3-hydroxy-1-methyl-5-phenyl-3H-1,4-benzodiazepin-2-one;MM00422;CN1C(=O)C(O)N=C(c2ccccc2)c2cc(Cl)ccc21;SEQDDYPDSLOBDC-UHFFFAOYSA-N;300.742;2.47;5391;DB00231;;CHEMBL967;Caco2/MDCK;CPapp;37;0;;;;;;;;;;-4.2668;;;;;;;;;;;;"Bittermann. K., Goss. K.-U.: Predicting apparent passive permeability of Caco-2 and MDCK cell-monolayers: A mechanistic model. 2017, PLOS ONE, 12(2), e0190319";"Bittermann. K., Goss. K.-U.: Predicting apparent passive permeability of Caco-2 and MDCK cell-monolayers: A mechanistic model. 2017, PLOS ONE, 12(2), e0190319"
1,3-dimethyl-7H-purine-2,6-dione;MM00048;Cn1c(=O)c2nc[nH]c2n(C)c1=O;ZFXYFBGIUFBOJW-UHFFFAOYSA-N;180.167;-1.04;2153;DB00277;TEP;CHEMBL190;Caco2/MDCK;CPapp;37;0;;;;;;;;;;-4.50585;;;;;;;;;;;;"Bittermann. K., Goss. K.-U.: Predicting apparent passive permeability of Caco-2 and MDCK cell-monolayers: A mechanistic model. 2017, PLOS ONE, 12(2), e0190319";"Bittermann. K., Goss. K.-U.: Predicting apparent passive permeability of Caco-2 and MDCK cell-monolayers: A mechanistic model. 2017, PLOS ONE, 12(2), e0190319"
4-(1H-benzimidazol-2-yl)-1,3-thiazole;MM00425;c1ccc2[nH]c(-c3cscn3)nc2c1;WJCNZQLZVWNLKY-UHFFFAOYSA-N;201.247;2.69;5430;DB00730;TMG;CHEMBL625;Caco2/MDCK;CPapp;37;0;;;;;;;;;;-4.057;;;;;;;;;;;;"Bittermann. K., Goss. K.-U.: Predicting apparent passive permeability of Caco-2 and MDCK cell-monolayers: A mechanistic model. 2017, PLOS ONE, 12(2), e0190319";"Bittermann. K., Goss. K.-U.: Predicting apparent passive permeability of Caco-2 and MDCK cell-monolayers: A mechanistic model. 2017, PLOS ONE, 12(2), e0190319"
(2S)-1-(tert-butylamino)-3-[(4-morpholin-4-yl-1,2,5-thiadiazol-3-yl)oxy]propan-2-ol;MM00573;CC(C)(C)NCC(O)COc1nsnc1N1CCOCC1;BLJRIMJGRPQVNF-UHFFFAOYSA-N;316.42;0.5;33624;DB00373;TIM;CHEMBL499;Caco2/MDCK;CPapp;37;0;;;;;;;;;;-4.44733;;;;;;;;;;;;"Bittermann. K., Goss. K.-U.: Predicting apparent passive permeability of Caco-2 and MDCK cell-monolayers: A mechanistic model. 2017, PLOS ONE, 12(2), e0190319";"Bittermann. K., Goss. K.-U.: Predicting apparent passive permeability of Caco-2 and MDCK cell-monolayers: A mechanistic model. 2017, PLOS ONE, 12(2), e0190319"
Tolafentrine;MM00574;COc1cc2c(cc1OC)[C@@H]1CN(C)CC[C@@H]1N=C2c1ccc(NS(=O)(=O)c2ccc(C)cc2)cc1;FVZJIAUYFDQQKJ-DQEYMECFSA-N;505.633;4.45;65990;;;;Caco2/MDCK;CPapp;37;0;;;;;;;;;;-4.31336;;;;;;;;;;;;"Bittermann. K., Goss. K.-U.: Predicting apparent passive permeability of Caco-2 and MDCK cell-monolayers: A mechanistic model. 2017, PLOS ONE, 12(2), e0190319";"Bittermann. K., Goss. K.-U.: Predicting apparent passive permeability of Caco-2 and MDCK cell-monolayers: A mechanistic model. 2017, PLOS ONE, 12(2), e0190319"
2-[3-[4-(3-chlorophenyl)piperazin-1-yl]propyl]-[1,2,4]triazolo[4,3-a]pyridin-3-one;MM00576;O=c1n(CCCN2CCN(c3cccc(Cl)c3)CC2)nc2ccccn12;PHLBKPHSAVXXEF-UHFFFAOYSA-N;371.869;2.36;5533;DB00656;;CHEMBL621;Caco2/MDCK;CPapp;37;0;;;;;;;;;;-4.2993;;;;;;;;;;;;"Bittermann. K., Goss. K.-U.: Predicting apparent passive permeability of Caco-2 and MDCK cell-monolayers: A mechanistic model. 2017, PLOS ONE, 12(2), e0190319";"Bittermann. K., Goss. K.-U.: Predicting apparent passive permeability of Caco-2 and MDCK cell-monolayers: A mechanistic model. 2017, PLOS ONE, 12(2), e0190319"
5-[(3,4,5-trimethoxyphenyl)methyl]pyrimidine-2,4-diamine;MM00581;COc1cc(Cc2cnc(N)nc2N)cc(OC)c1OC;IEDVJHCEMCRBQM-UHFFFAOYSA-N;290.323;1.26;5578;DB00440;TOP;CHEMBL22;Caco2/MDCK;CPapp;37;0;;;;;;;;;;-4.41908;;;;;;;;;;;;"Bittermann. K., Goss. K.-U.: Predicting apparent passive permeability of Caco-2 and MDCK cell-monolayers: A mechanistic model. 2017, PLOS ONE, 12(2), e0190319";"Bittermann. K., Goss. K.-U.: Predicting apparent passive permeability of Caco-2 and MDCK cell-monolayers: A mechanistic model. 2017, PLOS ONE, 12(2), e0190319"
Verapamil;MM00585;COc1ccc(CCN(C)CCCC(C#N)(c2ccc(OC)c(OC)c2)C(C)C)cc1OC;SGTNSNPWRIOYBX-UHFFFAOYSA-N;454.611;5.09;2520;DB00661;;CHEMBL6966;Caco2/MDCK;CPapp;37;0;;;;;;;;;;-4.25728;;;;;;;;;;;;"Bittermann. K., Goss. K.-U.: Predicting apparent passive permeability of Caco-2 and MDCK cell-monolayers: A mechanistic model. 2017, PLOS ONE, 12(2), e0190319";"Bittermann. K., Goss. K.-U.: Predicting apparent passive permeability of Caco-2 and MDCK cell-monolayers: A mechanistic model. 2017, PLOS ONE, 12(2), e0190319"
4-hydroxy-3-(3-oxo-1-phenylbutyl)chromen-2-one;MM00095;CC(=O)CC(c1ccccc1)c1c(O)c2ccccc2oc1=O;PJVWKTKQMONHTI-UHFFFAOYSA-N;308.333;3.61;54678486;DB00682;;CHEMBL1464;Caco2/MDCK;CPapp;37;0;;;;;;;;;;-4.25649;;;;;;;;;;;;"Bittermann. K., Goss. K.-U.: Predicting apparent passive permeability of Caco-2 and MDCK cell-monolayers: A mechanistic model. 2017, PLOS ONE, 12(2), e0190319";"Bittermann. K., Goss. K.-U.: Predicting apparent passive permeability of Caco-2 and MDCK cell-monolayers: A mechanistic model. 2017, PLOS ONE, 12(2), e0190319"
1-[(2R,4S,5S)-4-azido-5-(hydroxymethyl)oxolan-2-yl]-5-methylpyrimidine-2,4-dione;MM00077;Cc1cn(C2CC(N=[N+]=[N-])C(CO)O2)c(=O)[nH]c1=O;HBOMLICNUCNMMY-UHFFFAOYSA-N;267.245;-0.2;35370;DB00495;AZZ;CHEMBL129;Caco2/MDCK;CPapp;37;0;;;;;;;;;;-6.33724;;;;;;;;;;;;"Bittermann. K., Goss. K.-U.: Predicting apparent passive permeability of Caco-2 and MDCK cell-monolayers: A mechanistic model. 2017, PLOS ONE, 12(2), e0190319";"Bittermann. K., Goss. K.-U.: Predicting apparent passive permeability of Caco-2 and MDCK cell-monolayers: A mechanistic model. 2017, PLOS ONE, 12(2), e0190319"
2-(tert-butylamino)-1-(3-chlorophenyl)propan-1-one;MM00455;C[C@H](NC(C)(C)C)C(=O)c1cccc(Cl)c1;SNPPWIUOZRMYNY-UHFFFAOYSA-N;239.743;3.3;444;DB01156;;CHEMBL894;Caco2/MDCK;CPapp;37;0;;;;;;;;;;-4.12726;;;;;;;;;;;;"Bittermann. K., Goss. K.-U.: Predicting apparent passive permeability of Caco-2 and MDCK cell-monolayers: A mechanistic model. 2017, PLOS ONE, 12(2), e0190319";"Bittermann. K., Goss. K.-U.: Predicting apparent passive permeability of Caco-2 and MDCK cell-monolayers: A mechanistic model. 2017, PLOS ONE, 12(2), e0190319"
Benzo[b][1]benzazepine-11-carboxamide;MM00341;NC(=O)N1c2ccccc2C=Cc2ccccc21;FFGPTBGBLSHEPO-UHFFFAOYSA-N;236.274;3.39;2554;DB00564;N6W;CHEMBL108;Caco2/MDCK;CPapp;37;0;;;;;;;;;;-4.13668;;;;;;;;;;;;"Bittermann. K., Goss. K.-U.: Predicting apparent passive permeability of Caco-2 and MDCK cell-monolayers: A mechanistic model. 2017, PLOS ONE, 12(2), e0190319";"Bittermann. K., Goss. K.-U.: Predicting apparent passive permeability of Caco-2 and MDCK cell-monolayers: A mechanistic model. 2017, PLOS ONE, 12(2), e0190319"
3-(2-chlorophenothiazin-10-yl)-N,N-dimethylpropan-1-amine;MM00461;CN(C)CCCN1c2ccccc2Sc2ccc(Cl)cc21;ZPEIMTDSQAKGNT-UHFFFAOYSA-N;318.863;4.89;2726;DB00477;Z80;CHEMBL71;Caco2/MDCK;CPapp;37;0;;;;;;;;;;-4.15552;;;;;;;;;;;;"Bittermann. K., Goss. K.-U.: Predicting apparent passive permeability of Caco-2 and MDCK cell-monolayers: A mechanistic model. 2017, PLOS ONE, 12(2), e0190319";"Bittermann. K., Goss. K.-U.: Predicting apparent passive permeability of Caco-2 and MDCK cell-monolayers: A mechanistic model. 2017, PLOS ONE, 12(2), e0190319"
7-chloro-1-methyl-5-phenyl-3H-1,4-benzodiazepin-2-one;MM00094;CN1C(=O)CN=C(c2ccccc2)c2cc(Cl)ccc21;AAOVKJBEBIDNHE-UHFFFAOYSA-N;284.743;3.15;3016;DB00829;DZP;CHEMBL12;Caco2/MDCK;CPapp;37;0;;;;;;;;;;-4.05257;;;;;;;;;;;;"Bittermann. K., Goss. K.-U.: Predicting apparent passive permeability of Caco-2 and MDCK cell-monolayers: A mechanistic model. 2017, PLOS ONE, 12(2), e0190319";"Bittermann. K., Goss. K.-U.: Predicting apparent passive permeability of Caco-2 and MDCK cell-monolayers: A mechanistic model. 2017, PLOS ONE, 12(2), e0190319"
2-phenylchromen-4-one;MM00364;O=c1cc(-c2ccccc2)oc2ccccc12;VHBFFQKBGNRLFZ-UHFFFAOYSA-N;222.243;3.46;10680;DB07776;FLN;CHEMBL275638;Caco2/MDCK;CPapp;37;0;;;;;;;;;;-3.86967;;;;;;;;;;;;"Bittermann. K., Goss. K.-U.: Predicting apparent passive permeability of Caco-2 and MDCK cell-monolayers: A mechanistic model. 2017, PLOS ONE, 12(2), e0190319";"Bittermann. K., Goss. K.-U.: Predicting apparent passive permeability of Caco-2 and MDCK cell-monolayers: A mechanistic model. 2017, PLOS ONE, 12(2), e0190319"
2-[(E)-(2,6-dichlorophenyl)methylideneamino]guanidine;MM00497;N=C(N)NN=Cc1c(Cl)cccc1Cl;WDZVGELJXXEGPV-UHFFFAOYSA-N;231.08;1.81;5702063;DB00629;;CHEMBL420;Caco2/MDCK;CPapp;37;0;;;;;;;;;;-4.16431;;;;;;;;;;;;"Bittermann. K., Goss. K.-U.: Predicting apparent passive permeability of Caco-2 and MDCK cell-monolayers: A mechanistic model. 2017, PLOS ONE, 12(2), e0190319";"Bittermann. K., Goss. K.-U.: Predicting apparent passive permeability of Caco-2 and MDCK cell-monolayers: A mechanistic model. 2017, PLOS ONE, 12(2), e0190319"
4-[4-(4-chlorophenyl)-4-hydroxypiperidin-1-yl]-1-(4-fluorophenyl)butan-1-one;MM00499;O=C(CCCN1CCC(O)(c2ccc(Cl)cc2)CC1)c1ccc(F)cc1;LNEPOXFFQSENCJ-UHFFFAOYSA-N;375.868;4.43;3559;DB00502;GMJ;CHEMBL54;Caco2/MDCK;CPapp;37;0;;;;;;;;;;-4.21753;;;;;;;;;;;;"Bittermann. K., Goss. K.-U.: Predicting apparent passive permeability of Caco-2 and MDCK cell-monolayers: A mechanistic model. 2017, PLOS ONE, 12(2), e0190319";"Bittermann. K., Goss. K.-U.: Predicting apparent passive permeability of Caco-2 and MDCK cell-monolayers: A mechanistic model. 2017, PLOS ONE, 12(2), e0190319"
8-chloro-6-(4-methylpiperazin-1-yl)benzo[b][1,4]benzoxazepine;MM00510;CN1CCN(C2=Nc3ccccc3Oc3ccc(Cl)cc32)CC1;XJGVXQDUIWGIRW-UHFFFAOYSA-N;327.812;3.77;3964;DB00408;;CHEMBL831;Caco2/MDCK;CPapp;37;0;;;;;;;;;;-4.17783;;;;;;;;;;;;"Bittermann. K., Goss. K.-U.: Predicting apparent passive permeability of Caco-2 and MDCK cell-monolayers: A mechanistic model. 2017, PLOS ONE, 12(2), e0190319";"Bittermann. K., Goss. K.-U.: Predicting apparent passive permeability of Caco-2 and MDCK cell-monolayers: A mechanistic model. 2017, PLOS ONE, 12(2), e0190319"
8-chloro-6-(2-fluorophenyl)-1-methyl-4H-imidazo[1,5-a][1,4]benzodiazepine;MM00519;Cc1ncc2n1-c1ccc(Cl)cc1C(c1ccccc1F)=NC2;DDLIGBOFAVUZHB-UHFFFAOYSA-N;325.771;4.32;4192;DB00683;08J;CHEMBL655;Caco2/MDCK;CPapp;37;0;;;;;;;;;;-4.1707;;;;;;;;;;;;"Bittermann. K., Goss. K.-U.: Predicting apparent passive permeability of Caco-2 and MDCK cell-monolayers: A mechanistic model. 2017, PLOS ONE, 12(2), e0190319";"Bittermann. K., Goss. K.-U.: Predicting apparent passive permeability of Caco-2 and MDCK cell-monolayers: A mechanistic model. 2017, PLOS ONE, 12(2), e0190319"
Progesterone;MM00198;CC(=O)C1CCC2C3CCC4=CC(=O)CCC4(C)C3CCC12C;RJKFOVLPORLFTN-UHFFFAOYSA-N;314.469;4.72;5994;DB00396;STR;CHEMBL103;Caco2/MDCK;CPapp;37;0;;;;;;;;;;-4.13966;;;;;;;;;;;;"Bittermann. K., Goss. K.-U.: Predicting apparent passive permeability of Caco-2 and MDCK cell-monolayers: A mechanistic model. 2017, PLOS ONE, 12(2), e0190319";"Bittermann. K., Goss. K.-U.: Predicting apparent passive permeability of Caco-2 and MDCK cell-monolayers: A mechanistic model. 2017, PLOS ONE, 12(2), e0190319"
2-[2-(4-benzo[b][1,4]benzothiazepin-6-ylpiperazin-1-yl)ethoxy]ethanol;MM00557;OCCOCCN1CCN(C2=Nc3ccccc3Sc3ccccc32)CC1;URKOMYMAXPYINW-UHFFFAOYSA-N;383.51;2.86;5002;DB01224;;CHEMBL716;Caco2/MDCK;CPapp;37;0;;;;;;;;;;-4.18642;;;;;;;;;;;;"Bittermann. K., Goss. K.-U.: Predicting apparent passive permeability of Caco-2 and MDCK cell-monolayers: A mechanistic model. 2017, PLOS ONE, 12(2), e0190319";"Bittermann. K., Goss. K.-U.: Predicting apparent passive permeability of Caco-2 and MDCK cell-monolayers: A mechanistic model. 2017, PLOS ONE, 12(2), e0190319"
Testosterone;MM00423;CC12CCC(=O)C=C1CCC1C2CCC2(C)C(O)CCC12;MUMGGOZAMZWBJJ-UHFFFAOYSA-N;288.431;3.88;6013;DB00624;TES;CHEMBL386630;Caco2/MDCK;CPapp;37;0;;;;;;;;;;-4.16494;;;;;;;;;;;;"Bittermann. K., Goss. K.-U.: Predicting apparent passive permeability of Caco-2 and MDCK cell-monolayers: A mechanistic model. 2017, PLOS ONE, 12(2), e0190319";"Bittermann. K., Goss. K.-U.: Predicting apparent passive permeability of Caco-2 and MDCK cell-monolayers: A mechanistic model. 2017, PLOS ONE, 12(2), e0190319"
5-[2-[4-(1,2-benzothiazol-3-yl)piperazin-1-yl]ethyl]-6-chloro-1,3-dihydroindol-2-one;MM00589;O=C1Cc2cc(CCN3CCN(c4nsc5ccccc45)CC3)c(Cl)cc2N1;MVWVFYHBGMAFLY-UHFFFAOYSA-N;412.936;3.81;60854;DB00246;;CHEMBL708;Caco2/MDCK;CPapp;37;0;;;;;;;;;;-4.1261;;;;;;;;;;;;"Bittermann. K., Goss. K.-U.: Predicting apparent passive permeability of Caco-2 and MDCK cell-monolayers: A mechanistic model. 2017, PLOS ONE, 12(2), e0190319";"Bittermann. K., Goss. K.-U.: Predicting apparent passive permeability of Caco-2 and MDCK cell-monolayers: A mechanistic model. 2017, PLOS ONE, 12(2), e0190319"
Saquinavir;MM00563;CC(C)(C)NC(=O)C1CC2CCCCC2CN1CC(O)C(Cc1ccccc1)NC(=O)C(CC(N)=O)NC(=O)c1ccc2ccccc2n1;QWAXKHKRTORLEM-UHFFFAOYSA-N;670.855;3.09;441243;DB01232;ROC;CHEMBL114;Caco2/MDCK;CPapp;37;0;;;;;;;;;;-4.33348;;;;;;;;;;;;"Bittermann. K., Goss. K.-U.: Predicting apparent passive permeability of Caco-2 and MDCK cell-monolayers: A mechanistic model. 2017, PLOS ONE, 12(2), e0190319";"Bittermann. K., Goss. K.-U.: Predicting apparent passive permeability of Caco-2 and MDCK cell-monolayers: A mechanistic model. 2017, PLOS ONE, 12(2), e0190319"
2-(3,4-dihydroxyphenyl)-3,5,7-trihydroxychromen-4-one;MM00047;O=c1c(O)c(-c2ccc(O)c(O)c2)oc2cc(O)cc(O)c12;REFJWTPEDVJJIY-UHFFFAOYSA-N;302.238;1.99;5280343;DB04216;QUE;CHEMBL50;Caco2/MDCK;CPapp;37;0;;;;;;;;;;-5.63827;;;;;;;;;;;;"Bittermann. K., Goss. K.-U.: Predicting apparent passive permeability of Caco-2 and MDCK cell-monolayers: A mechanistic model. 2017, PLOS ONE, 12(2), e0190319";"Bittermann. K., Goss. K.-U.: Predicting apparent passive permeability of Caco-2 and MDCK cell-monolayers: A mechanistic model. 2017, PLOS ONE, 12(2), e0190319"
1-(4-tert-butylphenyl)-4-[4-[hydroxy(diphenyl)methyl]piperidin-1-yl]butan-1-ol;MM00571;CC(C)(C)c1ccc(C(O)CCCN2CCC(C(O)(c3ccccc3)c3ccccc3)CC2)cc1;GUGOEEXESWIERI-UHFFFAOYSA-N;471.685;6.45;5405;DB00342;;CHEMBL17157;Caco2/MDCK;CPapp;37;0;;;;;;;;;;-4.12148;;;;;;;;;;;;"Bittermann. K., Goss. K.-U.: Predicting apparent passive permeability of Caco-2 and MDCK cell-monolayers: A mechanistic model. 2017, PLOS ONE, 12(2), e0190319";"Bittermann. K., Goss. K.-U.: Predicting apparent passive permeability of Caco-2 and MDCK cell-monolayers: A mechanistic model. 2017, PLOS ONE, 12(2), e0190319"
Ritonavir;MM00419;CC(C)c1nc(CN(C)C(=O)NC(C(=O)NC(Cc2ccccc2)CC(O)C(Cc2ccccc2)NC(=O)OCc2cncs2)C(C)C)cs1;NCDNCNXCDXHOMX-UHFFFAOYSA-N;720.948;5.91;392622;DB00503;RIT;CHEMBL163;Caco2/MDCK;CPapp;37;0;;;;;;;;;;-4.1261;;;;;;;;;;;;"Bittermann. K., Goss. K.-U.: Predicting apparent passive permeability of Caco-2 and MDCK cell-monolayers: A mechanistic model. 2017, PLOS ONE, 12(2), e0190319";"Bittermann. K., Goss. K.-U.: Predicting apparent passive permeability of Caco-2 and MDCK cell-monolayers: A mechanistic model. 2017, PLOS ONE, 12(2), e0190319"
2-amino-9-(2-hydroxyethoxymethyl)-3H-purin-6-one;MM00074;Nc1nc(=O)c2ncn(COCCO)c2[nH]1;MKUXAQIIEYXACX-UHFFFAOYSA-N;225.208;-0.92;2022;DB00787;AC2;CHEMBL184;Caco2/MDCK;CPapp;37;0;;;;;;;;;;-5.79588;;;;;;;;;;;;"Bittermann. K., Goss. K.-U.: Predicting apparent passive permeability of Caco-2 and MDCK cell-monolayers: A mechanistic model. 2017, PLOS ONE, 12(2), e0190319";"Bittermann. K., Goss. K.-U.: Predicting apparent passive permeability of Caco-2 and MDCK cell-monolayers: A mechanistic model. 2017, PLOS ONE, 12(2), e0190319"
2-[4-[2-hydroxy-3-(propan-2-ylamino)propoxy]phenyl]acetamide;MM00078;CC(C)NC[C@@H](O)COc1ccc(CC(N)=O)cc1;METKIMKYRPQLGS-UHFFFAOYSA-N;266.341;0.45;2249;DB00335;;CHEMBL24;Caco2/MDCK;CPapp;37;0;;;;;;;;;;-5.54061;;;;;;;;;;;;"Bittermann. K., Goss. K.-U.: Predicting apparent passive permeability of Caco-2 and MDCK cell-monolayers: A mechanistic model. 2017, PLOS ONE, 12(2), e0190319";"Bittermann. K., Goss. K.-U.: Predicting apparent passive permeability of Caco-2 and MDCK cell-monolayers: A mechanistic model. 2017, PLOS ONE, 12(2), e0190319"
Cefotaxime;MM01540;CON=C(C(=O)NC1C(=O)N2C(C(=O)O)=C(COC(C)=O)CSC12)c1csc(N)n1;GPRBEKHLDVQUJE-UHFFFAOYSA-N;455.47;-0.62;2632;;;;Caco2/MDCK;CPapp;37;0;;;;;;;;;;-6.23732;;;;;;;;;;;;"Bittermann. K., Goss. K.-U.: Predicting apparent passive permeability of Caco-2 and MDCK cell-monolayers: A mechanistic model. 2017, PLOS ONE, 12(2), e0190319";"Bittermann. K., Goss. K.-U.: Predicting apparent passive permeability of Caco-2 and MDCK cell-monolayers: A mechanistic model. 2017, PLOS ONE, 12(2), e0190319"
Cefuroxime;MM01507;CON=C(C(=O)NC1C(=O)N2C(C(=O)O)=C(COC(N)=O)CSC12)c1ccco1;JFPVXVDWJQMJEE-IZRZKJBUSA-N;424.39;-0.54;5479529;;;;Caco2/MDCK;CPapp;37;0;;;;;;;;;;-6.20621;;;;;;;;;;;;"Bittermann. K., Goss. K.-U.: Predicting apparent passive permeability of Caco-2 and MDCK cell-monolayers: A mechanistic model. 2017, PLOS ONE, 12(2), e0190319";"Bittermann. K., Goss. K.-U.: Predicting apparent passive permeability of Caco-2 and MDCK cell-monolayers: A mechanistic model. 2017, PLOS ONE, 12(2), e0190319"
Cephalothin;MM01541;CC(=O)OCC1=C(C(=O)O)N2C(=O)C(NC(=O)Cc3cccs3)C2SC1;;;;6024;;;;Caco2/MDCK;CPapp;37;0;;;;;;;;;;-6.05899;;;;;;;;;;;;"Bittermann. K., Goss. K.-U.: Predicting apparent passive permeability of Caco-2 and MDCK cell-monolayers: A mechanistic model. 2017, PLOS ONE, 12(2), e0190319";"Bittermann. K., Goss. K.-U.: Predicting apparent passive permeability of Caco-2 and MDCK cell-monolayers: A mechanistic model. 2017, PLOS ONE, 12(2), e0190319"
Cephapirin;MM01542;;;;;30699;;;;Caco2/MDCK;CPapp;37;0;;;;;;;;;;-6.19997;;;;;;;;;;;;"Bittermann. K., Goss. K.-U.: Predicting apparent passive permeability of Caco-2 and MDCK cell-monolayers: A mechanistic model. 2017, PLOS ONE, 12(2), e0190319";"Bittermann. K., Goss. K.-U.: Predicting apparent passive permeability of Caco-2 and MDCK cell-monolayers: A mechanistic model. 2017, PLOS ONE, 12(2), e0190319"
6-chloro-1,1-dioxo-4H-1lambda6,2,4-benzothiadiazine-7-sulfonamide;MM00641;NS(=O)(=O)c1cc2c(cc1Cl)NC=NS2(=O)=O;JBMKAUGHUNFTOL-UHFFFAOYSA-N;295.712;0.13;2720;DB00880;;CHEMBL842;Caco2/MDCK;CPapp;37;0;;;;;;;;;;-5.83268;;;;;;;;;;;;"Bittermann. K., Goss. K.-U.: Predicting apparent passive permeability of Caco-2 and MDCK cell-monolayers: A mechanistic model. 2017, PLOS ONE, 12(2), e0190319";"Bittermann. K., Goss. K.-U.: Predicting apparent passive permeability of Caco-2 and MDCK cell-monolayers: A mechanistic model. 2017, PLOS ONE, 12(2), e0190319"
"1-cyclopropyl-6-fluoro-4-oxo-7-piperazin-1-ylquinoline-3-carboxylic acid";MM00726;O=C(O)c1cn(C2CC2)c2cc(N3CCNCC3)c(F)cc2c1=O;MYSWGUAQZAJSOK-UHFFFAOYSA-N;331.347;1.58;2764;DB00537;CPF;CHEMBL8;Caco2/MDCK;CPapp;37;0;;;;;;;;;;-5.91364;;;;;;;;;;;;"Bittermann. K., Goss. K.-U.: Predicting apparent passive permeability of Caco-2 and MDCK cell-monolayers: A mechanistic model. 2017, PLOS ONE, 12(2), e0190319";"Bittermann. K., Goss. K.-U.: Predicting apparent passive permeability of Caco-2 and MDCK cell-monolayers: A mechanistic model. 2017, PLOS ONE, 12(2), e0190319"
"4-chloro-2-(furan-2-ylmethylamino)-5-sulfamoylbenzoic acid";MM00083;NS(=O)(=O)c1cc(C(=O)O)c(NCc2ccco2)cc1Cl;ZZUFCTLCJUWOSV-UHFFFAOYSA-N;330.739;1.89;3440;DB00695;FUN;CHEMBL35;Caco2/MDCK;CPapp;37;0;;;;;;;;;;-6.09909;;;;;;;;;;;;"Bittermann. K., Goss. K.-U.: Predicting apparent passive permeability of Caco-2 and MDCK cell-monolayers: A mechanistic model. 2017, PLOS ONE, 12(2), e0190319";"Bittermann. K., Goss. K.-U.: Predicting apparent passive permeability of Caco-2 and MDCK cell-monolayers: A mechanistic model. 2017, PLOS ONE, 12(2), e0190319"
Propane-1,2,3-triol;MM00067;OCC(O)CO;PEDCQBHIVMGVHV-UHFFFAOYSA-N;92.094;-1.67;753;DB09462;GOL;CHEMBL692;Caco2/MDCK;CPapp;37;0;;;;;;;;;;-5.37882;;;;;;;;;;;;"Bittermann. K., Goss. K.-U.: Predicting apparent passive permeability of Caco-2 and MDCK cell-monolayers: A mechanistic model. 2017, PLOS ONE, 12(2), e0190319";"Bittermann. K., Goss. K.-U.: Predicting apparent passive permeability of Caco-2 and MDCK cell-monolayers: A mechanistic model. 2017, PLOS ONE, 12(2), e0190319"
6-chloro-1,1-dioxo-3,4-dihydro-2H-1lambda6,2,4-benzothiadiazine-7-sulfonamide;MM00373;NS(=O)(=O)c1cc2c(cc1Cl)NCNS2(=O)=O;JZUFKLXOESDKRF-UHFFFAOYSA-N;297.728;-0.35;3639;DB00999;HCZ;CHEMBL435;Caco2/MDCK;CPapp;37;0;;;;;;;;;;-5.88273;;;;;;;;;;;;"Bittermann. K., Goss. K.-U.: Predicting apparent passive permeability of Caco-2 and MDCK cell-monolayers: A mechanistic model. 2017, PLOS ONE, 12(2), e0190319";"Bittermann. K., Goss. K.-U.: Predicting apparent passive permeability of Caco-2 and MDCK cell-monolayers: A mechanistic model. 2017, PLOS ONE, 12(2), e0190319"
"Lactic acid";MM01543;CC(O)C(=O)O;JVTAAEKCZFNVCJ-UHFFFAOYSA-N;90.08;-0.55;612;DB04398;;CHEMBL1200559;Caco2/MDCK;CPapp;37;0;;;;;;;;;;-5.60907;;;;;;;;;;;;"Bittermann. K., Goss. K.-U.: Predicting apparent passive permeability of Caco-2 and MDCK cell-monolayers: A mechanistic model. 2017, PLOS ONE, 12(2), e0190319";"Bittermann. K., Goss. K.-U.: Predicting apparent passive permeability of Caco-2 and MDCK cell-monolayers: A mechanistic model. 2017, PLOS ONE, 12(2), e0190319"
(2R,3R,4R,5R)-hexane-1,2,3,4,5,6-hexol;MM00386;OC[C@@H](O)[C@@H](O)[C@H](O)[C@H](O)CO;FBPFZTCFMRRESA-KVTDHHQDSA-N;182.172;-3.59;6251;DB00742;MTL;CHEMBL689;Caco2/MDCK;CPapp;37;0;;;;;;;;;;-5.67985;;;;;;;;;;;;"Bittermann. K., Goss. K.-U.: Predicting apparent passive permeability of Caco-2 and MDCK cell-monolayers: A mechanistic model. 2017, PLOS ONE, 12(2), e0190319";"Bittermann. K., Goss. K.-U.: Predicting apparent passive permeability of Caco-2 and MDCK cell-monolayers: A mechanistic model. 2017, PLOS ONE, 12(2), e0190319"
(2R,3S)-5-[3-(tert-butylamino)-2-hydroxypropoxy]-1,2,3,4-tetrahydronaphthalene-2,3-diol;MM00525;CC(C)(C)NCC(O)COc1cccc2c1CC(O)C(O)C2;VWPOSFSPZNDTMJ-UHFFFAOYSA-N;309.406;0.63;39147;DB01203;;CHEMBL649;Caco2/MDCK;CPapp;37;0;;;;;;;;;;-5.52143;;;;;;;;;;;;"Bittermann. K., Goss. K.-U.: Predicting apparent passive permeability of Caco-2 and MDCK cell-monolayers: A mechanistic model. 2017, PLOS ONE, 12(2), e0190319";"Bittermann. K., Goss. K.-U.: Predicting apparent passive permeability of Caco-2 and MDCK cell-monolayers: A mechanistic model. 2017, PLOS ONE, 12(2), e0190319"
"1-ethyl-6-fluoro-4-oxo-7-piperazin-1-ylquinoline-3-carboxylic acid";MM00768;CCn1cc(C(=O)O)c(=O)c2cc(F)c(N3CCNCC3)cc21;OGJPXUAPXNRGGI-UHFFFAOYSA-N;319.336;1.27;4539;DB01059;;CHEMBL9;Caco2/MDCK;CPapp;37;0;;;;;;;;;;-5.88941;;;;;;;;;;;;"Bittermann. K., Goss. K.-U.: Predicting apparent passive permeability of Caco-2 and MDCK cell-monolayers: A mechanistic model. 2017, PLOS ONE, 12(2), e0190319";"Bittermann. K., Goss. K.-U.: Predicting apparent passive permeability of Caco-2 and MDCK cell-monolayers: A mechanistic model. 2017, PLOS ONE, 12(2), e0190319"
"Penicillin v";MM01544;;;;;6869;;;;Caco2/MDCK;CPapp;37;0;;;;;;;;;;-5.98297;;;;;;;;;;;;"Bittermann. K., Goss. K.-U.: Predicting apparent passive permeability of Caco-2 and MDCK cell-monolayers: A mechanistic model. 2017, PLOS ONE, 12(2), e0190319";"Bittermann. K., Goss. K.-U.: Predicting apparent passive permeability of Caco-2 and MDCK cell-monolayers: A mechanistic model. 2017, PLOS ONE, 12(2), e0190319"
N-[(1-ethylpyrrolidin-2-yl)methyl]-2-methoxy-5-sulfamoylbenzamide;MM00568;CCN1CCCC1CNC(=O)c1cc(S(N)(=O)=O)ccc1OC;BGRJTUBHPOOWDU-UHFFFAOYSA-N;341.426;0.56;5355;DB00391;;CHEMBL26;Caco2/MDCK;CPapp;37;0;;;;;;;;;;-5.64589;;;;;;;;;;;;"Bittermann. K., Goss. K.-U.: Predicting apparent passive permeability of Caco-2 and MDCK cell-monolayers: A mechanistic model. 2017, PLOS ONE, 12(2), e0190319";"Bittermann. K., Goss. K.-U.: Predicting apparent passive permeability of Caco-2 and MDCK cell-monolayers: A mechanistic model. 2017, PLOS ONE, 12(2), e0190319"
Cefamandole;MM01545;Cn1nnnc1SCC1=C(C(=O)O)N2C(=O)C(NC(=O)C(O)c3ccccc3)C2SC1;;;;456255;;;;Caco2/MDCK;CPapp;37;0;;;;;;;;;;-6.24413;;;;;;;;;;;;"Bittermann. K., Goss. K.-U.: Predicting apparent passive permeability of Caco-2 and MDCK cell-monolayers: A mechanistic model. 2017, PLOS ONE, 12(2), e0190319";"Bittermann. K., Goss. K.-U.: Predicting apparent passive permeability of Caco-2 and MDCK cell-monolayers: A mechanistic model. 2017, PLOS ONE, 12(2), e0190319"
Cefoperazone;MM01546;CCN1CCN(C(=O)NC(C(=O)NC2C(=O)N3C(C(=O)O)=C(CSc4nnnn4C)CSC23)c2ccc(O)cc2)C(=O)C1=O;GCFBRXLSHGKWDP-UHFFFAOYSA-N;645.68;-1.11;2630;;;;Caco2/MDCK;CPapp;37;0;;;;;;;;;;-6.39147;;;;;;;;;;;;"Bittermann. K., Goss. K.-U.: Predicting apparent passive permeability of Caco-2 and MDCK cell-monolayers: A mechanistic model. 2017, PLOS ONE, 12(2), e0190319";"Bittermann. K., Goss. K.-U.: Predicting apparent passive permeability of Caco-2 and MDCK cell-monolayers: A mechanistic model. 2017, PLOS ONE, 12(2), e0190319"
Cefoxitin;MM01547;COC1(NC(=O)Cc2cccs2)C(=O)N2C(C(=O)O)=C(COC(N)=O)CSC21;WZOZEZRFJCJXNZ-UHFFFAOYSA-N;427.46;0.1;441199;;;;Caco2/MDCK;CPapp;37;0;;;;;;;;;;-6.20971;;;;;;;;;;;;"Bittermann. K., Goss. K.-U.: Predicting apparent passive permeability of Caco-2 and MDCK cell-monolayers: A mechanistic model. 2017, PLOS ONE, 12(2), e0190319";"Bittermann. K., Goss. K.-U.: Predicting apparent passive permeability of Caco-2 and MDCK cell-monolayers: A mechanistic model. 2017, PLOS ONE, 12(2), e0190319"
1-cyano-2-methyl-3-[2-[(5-methyl-1H-imidazol-4-yl)methylsulfanyl]ethyl]guanidine;MM00463;CNC(=NCCSCc1nc[nH]c1C)NC#N;AQIXAKUUQRKLND-UHFFFAOYSA-N;252.34;0.6;2756;DB00501;;CHEMBL30;Caco2/MDCK;CPapp;37;0;;;;;;;;;;-5.78252;;;;;;;;;;;;"Bittermann. K., Goss. K.-U.: Predicting apparent passive permeability of Caco-2 and MDCK cell-monolayers: A mechanistic model. 2017, PLOS ONE, 12(2), e0190319";"Bittermann. K., Goss. K.-U.: Predicting apparent passive permeability of Caco-2 and MDCK cell-monolayers: A mechanistic model. 2017, PLOS ONE, 12(2), e0190319"
Doxorubicin;MM00485;COc1cccc2c1C(=O)c1c(O)c3c(c(O)c1C2=O)C[C@@](O)(C(=O)CO)C[C@@H]3O[C@H]1C[C@H](N)[C@H](O)[C@H](C)O1;AOJJSUZBOXZQNB-TZSSRYMLSA-N;543.525;;31703;DB00997;DM2;CHEMBL53463;Caco2/MDCK;CPapp;37;0;;;;;;;;;;-6.07417;;;;;;;;;;;;"Bittermann. K., Goss. K.-U.: Predicting apparent passive permeability of Caco-2 and MDCK cell-monolayers: A mechanistic model. 2017, PLOS ONE, 12(2), e0190319";"Bittermann. K., Goss. K.-U.: Predicting apparent passive permeability of Caco-2 and MDCK cell-monolayers: A mechanistic model. 2017, PLOS ONE, 12(2), e0190319"
Erythromycin;MM00489;CCC1OC(=O)C(C)C(OC2CC(C)(OC)C(O)C(C)O2)C(C)C(OC2OC(C)CC(N(C)C)C2O)C(C)(O)CC(C)C(=O)C(C)C(O)C1(C)O;ULGZDMOVFRHVEP-UHFFFAOYSA-N;733.937;1.79;12560;DB00199;ERY;CHEMBL532;Caco2/MDCK;CPapp;37;0;;;;;;;;;;-6.19586;;;;;;;;;;;;"Bittermann. K., Goss. K.-U.: Predicting apparent passive permeability of Caco-2 and MDCK cell-monolayers: A mechanistic model. 2017, PLOS ONE, 12(2), e0190319";"Bittermann. K., Goss. K.-U.: Predicting apparent passive permeability of Caco-2 and MDCK cell-monolayers: A mechanistic model. 2017, PLOS ONE, 12(2), e0190319"
1,4-dihydroxy-5,8-bis[2-(2-hydroxyethylamino)ethylamino]anthracene-9,10-dione;MM00522;O=C1c2c(O)ccc(O)c2C(=O)c2c(NCCNCCO)ccc(NCCNCCO)c21;KKZJGLLVHKMTCM-UHFFFAOYSA-N;444.488;-0.14;4212;DB01204;MIX;CHEMBL58;Caco2/MDCK;CPapp;37;0;;;;;;;;;;-5.93554;;;;;;;;;;;;"Bittermann. K., Goss. K.-U.: Predicting apparent passive permeability of Caco-2 and MDCK cell-monolayers: A mechanistic model. 2017, PLOS ONE, 12(2), e0190319";"Bittermann. K., Goss. K.-U.: Predicting apparent passive permeability of Caco-2 and MDCK cell-monolayers: A mechanistic model. 2017, PLOS ONE, 12(2), e0190319"
Netivudine;MM00395;CC#Cc1cn([C@@H]2O[C@H](CO)[C@@H](O)[C@@H]2O)c(=O)[nH]c1=O;QLOCVMVCRJOTTM-SDNRWEOFSA-N;282.252;-2.48;55281;DB12606;;CHEMBL1097615;Caco2/MDCK;CPapp;37;0;;;;;;;;;;-5.86012;;;;;;;;;;;;"Bittermann. K., Goss. K.-U.: Predicting apparent passive permeability of Caco-2 and MDCK cell-monolayers: A mechanistic model. 2017, PLOS ONE, 12(2), e0190319";"Bittermann. K., Goss. K.-U.: Predicting apparent passive permeability of Caco-2 and MDCK cell-monolayers: A mechanistic model. 2017, PLOS ONE, 12(2), e0190319"
Sucrose;MM00421;OC[C@H]1O[C@H](O[C@]2(CO)O[C@H](CO)[C@@H](O)[C@@H]2O)[C@H](O)[C@@H](O)[C@@H]1O;CZMRCDWAGMRECN-UGDNZRGBSA-N;342.297;-5.4;5988;DB02772;SUC;CHEMBL253582;Caco2/MDCK;CPapp;37;0;;;;;;;;;;-5.94692;;;;;;;;;;;;"Bittermann. K., Goss. K.-U.: Predicting apparent passive permeability of Caco-2 and MDCK cell-monolayers: A mechanistic model. 2017, PLOS ONE, 12(2), e0190319";"Bittermann. K., Goss. K.-U.: Predicting apparent passive permeability of Caco-2 and MDCK cell-monolayers: A mechanistic model. 2017, PLOS ONE, 12(2), e0190319"
5-[2-(tert-butylamino)-1-hydroxyethyl]benzene-1,3-diol;MM00306;CC(C)(C)NCC(O)c1cc(O)cc(O)c1;XWTYSIMOBUGWOL-UHFFFAOYSA-N;225.288;1.52;5403;DB00871;;CHEMBL1760;Caco2/MDCK;CPapp;37;0;;;;;;;;;;-5.59688;;;;;;;;;;;;"Bittermann. K., Goss. K.-U.: Predicting apparent passive permeability of Caco-2 and MDCK cell-monolayers: A mechanistic model. 2017, PLOS ONE, 12(2), e0190319";"Bittermann. K., Goss. K.-U.: Predicting apparent passive permeability of Caco-2 and MDCK cell-monolayers: A mechanistic model. 2017, PLOS ONE, 12(2), e0190319"
Acrivastine;MM00715;"Cc1ccc(/C(=C\CN2CCCC2)c2cccc(/C=C/C(=O)O)n2)cc1";PWACSDKDOHSSQD-IUTFFREVSA-N;348.446;4.02;5284514;DB09488;;CHEMBL1224;Caco2/MDCK;CPapp;37;0;;;;;;;;;;-5.96658;;;;;;;;;;;;"Bittermann. K., Goss. K.-U.: Predicting apparent passive permeability of Caco-2 and MDCK cell-monolayers: A mechanistic model. 2017, PLOS ONE, 12(2), e0190319";"Bittermann. K., Goss. K.-U.: Predicting apparent passive permeability of Caco-2 and MDCK cell-monolayers: A mechanistic model. 2017, PLOS ONE, 12(2), e0190319"
L-Alanine;MM00743;C[C@H](N)C(=O)O;QNAYBMKLOCPYGJ-REOHCLBHSA-N;89.094;-0.58;5950;DB00160;ALA;CHEMBL279597;Caco2/MDCK;CPapp;37;0;;;;;;;;;;-5.43063;;;;;;;;;;;;"Bittermann. K., Goss. K.-U.: Predicting apparent passive permeability of Caco-2 and MDCK cell-monolayers: A mechanistic model. 2017, PLOS ONE, 12(2), e0190319";"Bittermann. K., Goss. K.-U.: Predicting apparent passive permeability of Caco-2 and MDCK cell-monolayers: A mechanistic model. 2017, PLOS ONE, 12(2), e0190319"
Amoxicillin;MM00716;CC1(C)S[C@@H]2[C@H](NC(=O)[C@H](N)c3ccc(O)cc3)C(=O)N2[C@H]1C(=O)O;LSQZJLSUYDQPKJ-UHFFFAOYSA-N;365.404;0.02;33613;DB01060;;CHEMBL1082;Caco2/MDCK;CPapp;37;0;;;;;;;;;;-6.07366;;;;;;;;;;;;"Bittermann. K., Goss. K.-U.: Predicting apparent passive permeability of Caco-2 and MDCK cell-monolayers: A mechanistic model. 2017, PLOS ONE, 12(2), e0190319";"Bittermann. K., Goss. K.-U.: Predicting apparent passive permeability of Caco-2 and MDCK cell-monolayers: A mechanistic model. 2017, PLOS ONE, 12(2), e0190319"
Bretylium;MM01548;;;;;2431;;;;Caco2/MDCK;CPapp;37;0;;;;;;;;;;-5.66959;;;;;;;;;;;;"Bittermann. K., Goss. K.-U.: Predicting apparent passive permeability of Caco-2 and MDCK cell-monolayers: A mechanistic model. 2017, PLOS ONE, 12(2), e0190319";"Bittermann. K., Goss. K.-U.: Predicting apparent passive permeability of Caco-2 and MDCK cell-monolayers: A mechanistic model. 2017, PLOS ONE, 12(2), e0190319"
Cefaclor;MM00717;NC(C(=O)NC1C(=O)N2C(C(=O)O)=C(Cl)CSC12)c1ccccc1;QYIYFLOTGYLRGG-UHFFFAOYSA-N;367.804;0.62;51039;DB00833;;CHEMBL680;Caco2/MDCK;CPapp;37;0;;;;;;;;;;-6.07366;;;;;;;;;;;;"Bittermann. K., Goss. K.-U.: Predicting apparent passive permeability of Caco-2 and MDCK cell-monolayers: A mechanistic model. 2017, PLOS ONE, 12(2), e0190319";"Bittermann. K., Goss. K.-U.: Predicting apparent passive permeability of Caco-2 and MDCK cell-monolayers: A mechanistic model. 2017, PLOS ONE, 12(2), e0190319"
Cefadroxil;MM00718;CC1=C(C(=O)O)N2C(=O)C(NC(=O)C(N)c3ccc(O)cc3)C2SC1;BOEGTKLJZSQCCD-UHFFFAOYSA-N;363.388;0.15;47965;DB01140;;CHEMBL1644;Caco2/MDCK;CPapp;37;0;;;;;;;;;;-6.07109;;;;;;;;;;;;"Bittermann. K., Goss. K.-U.: Predicting apparent passive permeability of Caco-2 and MDCK cell-monolayers: A mechanistic model. 2017, PLOS ONE, 12(2), e0190319";"Bittermann. K., Goss. K.-U.: Predicting apparent passive permeability of Caco-2 and MDCK cell-monolayers: A mechanistic model. 2017, PLOS ONE, 12(2), e0190319"
Cefatrizine;MM00719;N[C@@H](C(=O)N[C@@H]1C(=O)N2C(C(=O)O)=C(CSc3cn[nH]n3)CS[C@H]12)c1ccc(O)cc1;UOCJDOLVGGIYIQ-PBFPGSCMSA-N;462.499;0.04;6410758;DB13266;;CHEMBL1095284;Caco2/MDCK;CPapp;37;0;;;;;;;;;;-6.18376;;;;;;;;;;;;"Bittermann. K., Goss. K.-U.: Predicting apparent passive permeability of Caco-2 and MDCK cell-monolayers: A mechanistic model. 2017, PLOS ONE, 12(2), e0190319";"Bittermann. K., Goss. K.-U.: Predicting apparent passive permeability of Caco-2 and MDCK cell-monolayers: A mechanistic model. 2017, PLOS ONE, 12(2), e0190319"
Cefazolin;MM01549;Cc1nnc(SCC2=C(C(=O)O)N3C(=O)C(NC(=O)Cn4cnnn4)C3SC2)s1;MLYYVTUWGNIJIB-UHFFFAOYSA-N;454.52;-0.64;33255;;;CHEMBL172840;Caco2/MDCK;CPapp;37;0;;;;;;;;;;-6.23657;;;;;;;;;;;;"Bittermann. K., Goss. K.-U.: Predicting apparent passive permeability of Caco-2 and MDCK cell-monolayers: A mechanistic model. 2017, PLOS ONE, 12(2), e0190319";"Bittermann. K., Goss. K.-U.: Predicting apparent passive permeability of Caco-2 and MDCK cell-monolayers: A mechanistic model. 2017, PLOS ONE, 12(2), e0190319"
Cefsulodin;MM00720;NC(=O)c1cc[n+](CC2=C(C(=O)O)N3C(=O)C(NC(=O)C(c4ccccc4)S(=O)(=O)O)C3SC2)cc1;SYLKGLMBLAAGSC-UHFFFAOYSA-O;532.542;-0.56;656575;DB13499;;CHEMBL3351077;Caco2/MDCK;CPapp;37;0;;;;;;;;;;-6.30627;;;;;;;;;;;;"Bittermann. K., Goss. K.-U.: Predicting apparent passive permeability of Caco-2 and MDCK cell-monolayers: A mechanistic model. 2017, PLOS ONE, 12(2), e0190319";"Bittermann. K., Goss. K.-U.: Predicting apparent passive permeability of Caco-2 and MDCK cell-monolayers: A mechanistic model. 2017, PLOS ONE, 12(2), e0190319"
Ceftazidime;MM01270;CC(C)(ON=C(C(=O)NC1C(=O)N2C(C(=O)[O-])=C(C[n+]3ccccc3)CSC12)c1csc(N)n1)C(=O)O;ORFOPKXBNMVMKC-UHFFFAOYSA-N;546.573;-1.3;5481173;DB00438;;;Caco2/MDCK;CPapp;37;0;;;;;;;;;;-6.31785;;;;;;;;;;;;"Bittermann. K., Goss. K.-U.: Predicting apparent passive permeability of Caco-2 and MDCK cell-monolayers: A mechanistic model. 2017, PLOS ONE, 12(2), e0190319";"Bittermann. K., Goss. K.-U.: Predicting apparent passive permeability of Caco-2 and MDCK cell-monolayers: A mechanistic model. 2017, PLOS ONE, 12(2), e0190319"
Ceftriaxone;MM01435;CON=C(C(=O)NC1C(=O)N2C(C(=O)O)=C(CSc3nc(=O)c(O)nn3C)CSC12)c1csc(N)n1;VAAUVRVFOQPIGI-UHFFFAOYSA-N;554.59;-1.2;5479530;" DB01212";;161;Caco2/MDCK;CPapp;37;0;;;;;;;;;;-6.42251;;;;;;;;;;;;"Bittermann. K., Goss. K.-U.: Predicting apparent passive permeability of Caco-2 and MDCK cell-monolayers: A mechanistic model. 2017, PLOS ONE, 12(2), e0190319";"Bittermann. K., Goss. K.-U.: Predicting apparent passive permeability of Caco-2 and MDCK cell-monolayers: A mechanistic model. 2017, PLOS ONE, 12(2), e0190319"
Cephalexin;MM00721;CC1=C(C(=O)O)N2C(=O)C(NC(=O)C(N)c3ccccc3)C2SC1;ZAIPMKNFIOOWCQ-UHFFFAOYSA-N;347.389;0.44;27447;DB00567;;CHEMBL1727;Caco2/MDCK;CPapp;37;0;;;;;;;;;;-6.04769;;;;;;;;;;;;"Bittermann. K., Goss. K.-U.: Predicting apparent passive permeability of Caco-2 and MDCK cell-monolayers: A mechanistic model. 2017, PLOS ONE, 12(2), e0190319";"Bittermann. K., Goss. K.-U.: Predicting apparent passive permeability of Caco-2 and MDCK cell-monolayers: A mechanistic model. 2017, PLOS ONE, 12(2), e0190319"
Cephaloglycin;MM00722;CC(=O)OCC1=C(C(=O)O)N2C(=O)[C@@H](NC(=O)[C@H](N)c3ccccc3)[C@H]2SC1;FUBBGQLTSCSAON-PBFPGSCMSA-N;405.425;-0.01;19150;DB00689;;CHEMBL1200971;Caco2/MDCK;CPapp;37;0;;;;;;;;;;-6.11862;;;;;;;;;;;;"Bittermann. K., Goss. K.-U.: Predicting apparent passive permeability of Caco-2 and MDCK cell-monolayers: A mechanistic model. 2017, PLOS ONE, 12(2), e0190319";"Bittermann. K., Goss. K.-U.: Predicting apparent passive permeability of Caco-2 and MDCK cell-monolayers: A mechanistic model. 2017, PLOS ONE, 12(2), e0190319"
Cephaloridine;MM00638;O=C(Cc1cccs1)NC1C(=O)N2C(C(=O)O)=C(C[n+]3ccccc3)CSC12;CZTQZXZIADLWOZ-UHFFFAOYSA-O;415.482;1.02;5773;DB09008;;CHEMBL316157;Caco2/MDCK;CPapp;37;0;;;;;;;;;;-6.04769;;;;;;;;;;;;"Bittermann. K., Goss. K.-U.: Predicting apparent passive permeability of Caco-2 and MDCK cell-monolayers: A mechanistic model. 2017, PLOS ONE, 12(2), e0190319";"Bittermann. K., Goss. K.-U.: Predicting apparent passive permeability of Caco-2 and MDCK cell-monolayers: A mechanistic model. 2017, PLOS ONE, 12(2), e0190319"
Cephradine;MM00723;CC1=C(C(=O)O)N2C(=O)C(NC(=O)C(N)C3=CCC=CC3)C2SC1;RDLPVSKMFDYCOR-UHFFFAOYSA-N;349.405;0.35;38103;DB01333;;CHEMBL1604;Caco2/MDCK;CPapp;37;0;;;;;;;;;;-6.01773;;;;;;;;;;;;"Bittermann. K., Goss. K.-U.: Predicting apparent passive permeability of Caco-2 and MDCK cell-monolayers: A mechanistic model. 2017, PLOS ONE, 12(2), e0190319";"Bittermann. K., Goss. K.-U.: Predicting apparent passive permeability of Caco-2 and MDCK cell-monolayers: A mechanistic model. 2017, PLOS ONE, 12(2), e0190319"
"2-[2-[4-[(4-chlorophenyl)-phenylmethyl]piperazin-1-yl]ethoxy]acetic acid";MM00724;O=C(O)COCCN1CCN(C(c2ccccc2)c2ccc(Cl)cc2)CC1;ZKLPARSLTMPFCP-UHFFFAOYSA-N;388.892;3.15;2678;DB00341;;CHEMBL1000;Caco2/MDCK;CPapp;37;0;;;;;;;;;;-6.08249;;;;;;;;;;;;"Bittermann. K., Goss. K.-U.: Predicting apparent passive permeability of Caco-2 and MDCK cell-monolayers: A mechanistic model. 2017, PLOS ONE, 12(2), e0190319";"Bittermann. K., Goss. K.-U.: Predicting apparent passive permeability of Caco-2 and MDCK cell-monolayers: A mechanistic model. 2017, PLOS ONE, 12(2), e0190319"
"2-[1-(aminomethyl)cyclohexyl]acetic acid";MM00737;NCC1(CC(=O)O)CCCCC1;UGJMXCAKCUNAIE-UHFFFAOYSA-N;171.24;1.37;3446;DB00996;GBN;CHEMBL940;Caco2/MDCK;CPapp;37;0;;;;;;;;;;-5.65758;;;;;;;;;;;;"Bittermann. K., Goss. K.-U.: Predicting apparent passive permeability of Caco-2 and MDCK cell-monolayers: A mechanistic model. 2017, PLOS ONE, 12(2), e0190319";"Bittermann. K., Goss. K.-U.: Predicting apparent passive permeability of Caco-2 and MDCK cell-monolayers: A mechanistic model. 2017, PLOS ONE, 12(2), e0190319"
Gatifloxacin;MM00738;COc1c(N2CCNC(C)C2)c(F)cc2c(=O)c(C(=O)O)cn(C3CC3)c12;XUBOMFCQGDBHNK-UHFFFAOYSA-N;375.4;1.98;5379;DB01044;;CHEMBL31;Caco2/MDCK;CPapp;37;0;;;;;;;;;;-6;;;;;;;;;;;;"Bittermann. K., Goss. K.-U.: Predicting apparent passive permeability of Caco-2 and MDCK cell-monolayers: A mechanistic model. 2017, PLOS ONE, 12(2), e0190319";"Bittermann. K., Goss. K.-U.: Predicting apparent passive permeability of Caco-2 and MDCK cell-monolayers: A mechanistic model. 2017, PLOS ONE, 12(2), e0190319"
L-Dopa;MM00746;NC(Cc1ccc(O)c(O)c1)C(=O)O;WTDRDQBEARUVNC-UHFFFAOYSA-N;197.19;0.05;6047;DB01235;DAH;CHEMBL1009;Caco2/MDCK;CPapp;37;0;;;;;;;;;;-5.70774;;;;;;;;;;;;"Bittermann. K., Goss. K.-U.: Predicting apparent passive permeability of Caco-2 and MDCK cell-monolayers: A mechanistic model. 2017, PLOS ONE, 12(2), e0190319";"Bittermann. K., Goss. K.-U.: Predicting apparent passive permeability of Caco-2 and MDCK cell-monolayers: A mechanistic model. 2017, PLOS ONE, 12(2), e0190319"
L-Leucine;MM00752;CC(C)C[C@H](N)C(=O)O;ROHFNLRQFUQHCH-YFKPBYRVSA-N;131.175;0.44;6106;DB00149;LEU;CHEMBL291962;Caco2/MDCK;CPapp;37;0;;;;;;;;;;-5.5544;;;;;;;;;;;;"Bittermann. K., Goss. K.-U.: Predicting apparent passive permeability of Caco-2 and MDCK cell-monolayers: A mechanistic model. 2017, PLOS ONE, 12(2), e0190319";"Bittermann. K., Goss. K.-U.: Predicting apparent passive permeability of Caco-2 and MDCK cell-monolayers: A mechanistic model. 2017, PLOS ONE, 12(2), e0190319"
Lisinopril;MM00763;NCCCCC(NC(CCc1ccccc1)C(=O)O)C(=O)N1CCCC1C(=O)O;RLAWWYSOJDYHDC-UHFFFAOYSA-N;405.495;1.24;5362119;DB00722;LPR;CHEMBL1237;Caco2/MDCK;CPapp;37;0;;;;;;;;;;-6.06098;;;;;;;;;;;;"Bittermann. K., Goss. K.-U.: Predicting apparent passive permeability of Caco-2 and MDCK cell-monolayers: A mechanistic model. 2017, PLOS ONE, 12(2), e0190319";"Bittermann. K., Goss. K.-U.: Predicting apparent passive permeability of Caco-2 and MDCK cell-monolayers: A mechanistic model. 2017, PLOS ONE, 12(2), e0190319"
"1-ethyl-6,8-difluoro-7-(3-methylpiperazin-1-yl)-4-oxoquinoline-3-carboxylic acid";MM00764;CCn1cc(C(=O)O)c(=O)c2cc(F)c(N3CCNC(C)C3)c(F)c21;ZEKZLJVOYLTDKK-UHFFFAOYSA-N;351.354;1.8;3948;DB00978;;CHEMBL561;Caco2/MDCK;CPapp;37;0;;;;;;;;;;-5.96658;;;;;;;;;;;;"Bittermann. K., Goss. K.-U.: Predicting apparent passive permeability of Caco-2 and MDCK cell-monolayers: A mechanistic model. 2017, PLOS ONE, 12(2), e0190319";"Bittermann. K., Goss. K.-U.: Predicting apparent passive permeability of Caco-2 and MDCK cell-monolayers: A mechanistic model. 2017, PLOS ONE, 12(2), e0190319"
Loracarbef;MM01552;NC(C(=O)NC1C(=O)N2C(C(=O)O)=C(Cl)CCC12)c1ccccc1;JAPHQRWPEGVNBT-UHFFFAOYSA-N;349.77;0.71;5284585;;;;Caco2/MDCK;CPapp;37;0;;;;;;;;;;-6.0511;;;;;;;;;;;;"Bittermann. K., Goss. K.-U.: Predicting apparent passive permeability of Caco-2 and MDCK cell-monolayers: A mechanistic model. 2017, PLOS ONE, 12(2), e0190319";"Bittermann. K., Goss. K.-U.: Predicting apparent passive permeability of Caco-2 and MDCK cell-monolayers: A mechanistic model. 2017, PLOS ONE, 12(2), e0190319"
"(2S)-2-[[4-[(2,4-diaminopteridin-6-yl)methyl-methylamino]benzoyl]amino]pentanedioic acid";MM00270;CN(Cc1cnc2nc(N)nc(N)c2n1)c1ccc(C(=O)NC(CCC(=O)O)C(=O)O)cc1;FBOZXECLQNJBKD-UHFFFAOYSA-N;454.447;0.27;126941;DB00563;MTX;CHEMBL34259;Caco2/MDCK;CPapp;37;0;;;;;;;;;;-6.3536;;;;;;;;;;;;"Bittermann. K., Goss. K.-U.: Predicting apparent passive permeability of Caco-2 and MDCK cell-monolayers: A mechanistic model. 2017, PLOS ONE, 12(2), e0190319";"Bittermann. K., Goss. K.-U.: Predicting apparent passive permeability of Caco-2 and MDCK cell-monolayers: A mechanistic model. 2017, PLOS ONE, 12(2), e0190319"
Moxifloxacin;MM00767;COc1c(N2C[C@@H]3CCCN[C@@H]3C2)c(F)cc2c(=O)c(C(=O)O)cn(C3CC3)c12;FABPRXSRWADJSP-MEDUHNTESA-N;401.438;2.37;152946;DB00218;MFX;CHEMBL32;Caco2/MDCK;CPapp;37;0;;;;;;;;;;-6.0278;;;;;;;;;;;;"Bittermann. K., Goss. K.-U.: Predicting apparent passive permeability of Caco-2 and MDCK cell-monolayers: A mechanistic model. 2017, PLOS ONE, 12(2), e0190319";"Bittermann. K., Goss. K.-U.: Predicting apparent passive permeability of Caco-2 and MDCK cell-monolayers: A mechanistic model. 2017, PLOS ONE, 12(2), e0190319"
"5-[(3-carboxy-4-hydroxyphenyl)diazenyl]-2-hydroxybenzoic acid";MM01437;O=C(O)c1cc(/N=N/c2ccc(O)c(C(=O)O)c2)ccc1O;QQBDLJCYGRGAKP-FOCLMDBBSA-N;302.24;2.91;22419;DB01250;;CHEMBL1201013;Caco2/MDCK;CPapp;37;0;;;;;;;;;;-6.21042;;;;;;;;;;;;"Bittermann. K., Goss. K.-U.: Predicting apparent passive permeability of Caco-2 and MDCK cell-monolayers: A mechanistic model. 2017, PLOS ONE, 12(2), e0190319";"Bittermann. K., Goss. K.-U.: Predicting apparent passive permeability of Caco-2 and MDCK cell-monolayers: A mechanistic model. 2017, PLOS ONE, 12(2), e0190319"
L-Phenylalanine;MM00756;N[C@@H](Cc1ccccc1)C(=O)O;COLNVLDHVKWLRT-QMMMGPOBSA-N;165.192;0.64;6140;DB00120;PHE;CHEMBL301523;Caco2/MDCK;CPapp;37;0;;;;;;;;;;-5.64589;;;;;;;;;;;;"Bittermann. K., Goss. K.-U.: Predicting apparent passive permeability of Caco-2 and MDCK cell-monolayers: A mechanistic model. 2017, PLOS ONE, 12(2), e0190319";"Bittermann. K., Goss. K.-U.: Predicting apparent passive permeability of Caco-2 and MDCK cell-monolayers: A mechanistic model. 2017, PLOS ONE, 12(2), e0190319"
"Salicylic Acid";MM00093;O=C(O)c1ccccc1O;YGSDEFSMJLZEOE-UHFFFAOYSA-N;138.123;1.09;338;DB00936;SAL;CHEMBL424;Caco2/MDCK;CPapp;37;0;;;;;;;;;;-5.77211;;;;;;;;;;;;"Bittermann. K., Goss. K.-U.: Predicting apparent passive permeability of Caco-2 and MDCK cell-monolayers: A mechanistic model. 2017, PLOS ONE, 12(2), e0190319";"Bittermann. K., Goss. K.-U.: Predicting apparent passive permeability of Caco-2 and MDCK cell-monolayers: A mechanistic model. 2017, PLOS ONE, 12(2), e0190319"
Sulfasalazine;MM00690;O=C(O)c1cc(N=Nc2ccc(S(=O)(=O)Nc3ccccn3)cc2)ccc1O;NCEXYHBECQHGNR-UHFFFAOYSA-N;398.393;3.7;5359476;DB00795;SAS;CHEMBL421;Caco2/MDCK;CPapp;37;0;;;;;;;;;;-6.28067;;;;;;;;;;;;"Bittermann. K., Goss. K.-U.: Predicting apparent passive permeability of Caco-2 and MDCK cell-monolayers: A mechanistic model. 2017, PLOS ONE, 12(2), e0190319";"Bittermann. K., Goss. K.-U.: Predicting apparent passive permeability of Caco-2 and MDCK cell-monolayers: A mechanistic model. 2017, PLOS ONE, 12(2), e0190319"
"Taurocholic acid";MM00691;CC(CCC(=O)NCCS(=O)(=O)O)C1CCC2C3C(O)CC4CC(O)CCC4(C)C3CC(O)C12C;WBWWGRHZICKQGZ-UHFFFAOYSA-N;515.706;2.37;6675;DB04348;TCH;CHEMBL224867;Caco2/MDCK;CPapp;37;0;;;;;;;;;;-6.29158;;;;;;;;;;;;"Bittermann. K., Goss. K.-U.: Predicting apparent passive permeability of Caco-2 and MDCK cell-monolayers: A mechanistic model. 2017, PLOS ONE, 12(2), e0190319";"Bittermann. K., Goss. K.-U.: Predicting apparent passive permeability of Caco-2 and MDCK cell-monolayers: A mechanistic model. 2017, PLOS ONE, 12(2), e0190319"
